001,003,005,020,040,090,092,100,245,264,300,520,590,920,921,923,LDR
65277402,MePoLT,20250518141045.0,\\$a0674993144,\\$aMePoLT$cMePoLT$erda,\4$aLOEB-PA 6121 .A4 1935 v.1,\4$a871.01,"1\$aPoets, Minor Latin.","10$aMinor Latin Poets, Volume I, Publilius Syrus. Elegies on Maecenas. Grattius. Calpurnius Siculus. Laus Pisonis. Einsiedeln Eclogues. Aetna (Loeb Classical Library No. 284).","\1$aLoeb Classical Library (1934), Edition$b Revised, Hardcover, 432 pages,$c1934.",\\$a432  p.,"\\$aMinor Latin Poets, Volume I, Publilius Syrus. Elegies on Maecenas. Grattius. Calpurnius Siculus. Laus Pisonis. Einsiedeln Eclogues. Aetna (Loeb Classical Library No. 284) by Minor Latin Poets (1934)",,\\$aLoeb,,\\$aYour library,00831     2200193 i 4500
65277434,MePoLT,20250518141045.0,\\$a0674993241,\\$aMePoLT$cMePoLT$erda,\4$aLOEB-PA 6121 .A1 1935 v.1,\4$a180,1\$aEnnius.,"10$aRemains of Old Latin, Volume I (Loeb Classical Library No. 294).","\1$aLoeb Classical Library (1935), Edition$b Revised, Hardcover, 640 pages,$c1935.",\\$a640  p.,"\\$aRemains of Old Latin, Volume I (Loeb Classical Library No. 294) by Ennius (1935)",,\\$aLoeb,,\\$aYour library,00591     2200193 i 4500
65277465,MePoLT,20250518141046.0,\\$a0674993470,\\$aMePoLT$cMePoLT$erda,\4$aLOEB-PA 6121 .A1 1935 v.2,\4$a180,"1\$aAndronicus, Livius.","10$aRemains of Old Latin, Volume II, Livius Andronicus. Naevius. (Loeb Classical Library No. 314).","\1$bLoeb Classical Library,$c1936.",\\$a704  p.,"\\$aRemains of Old Latin, Volume II, Livius Andronicus. Naevius. (Loeb Classical Library No. 314) by Livius Andronicus (1936)",,\\$aLoeb,,\\$aYour library,00626     2200193 i 4500
65277526,MePoLT,20250518141046.0,\\$a0674991540,\\$aMePoLT$cMePoLT$erda,\4$aLOEB-PA 6139 .H7 1921 v.1,\4$a937.060922,"1\$aMagie, David.","10$aScriptores Historiae Augustae, Volume I (Loeb Classical Library No. 139).","\1$bLoeb Classical Library,$c1921.",\\$a544  p.,"\\$aScriptores Historiae Augustae, Volume I (Loeb Classical Library No. 139) by David Magie (1921)",,\\$aLoeb,,\\$aYour library,00579     2200193 i 4500
65277558,MePoLT,20250518141046.0,\\$a0674992903,\\$aMePoLT$cMePoLT$erda,\4$aLOEB-PA 6139 .H7 1921 v.3,\4$a937.060922,"1\$aMagie, David.","10$aScriptores Historiae Augustae, Volume III (The Two Valerians, the Two Gallieni, the Thirty Pretenders, the Deified Claudius, the Deified Aurelian, Tactitus, Pro )(Loeb Classical Library No. 263).","\1$bLoeb Classical Library,$c1932.",\\$a544  p.,"\\$aScriptores Historiae Augustae, Volume III (The Two Valerians, the Two Gallieni, the Thirty Pretenders, the Deified Claudius, the Deified Aurelian, Tactitus, Pro )(Loeb Classical Library No. 263) by David Magie (1932)",,\\$aLoeb,,\\$aYour library,00823     2200193 i 4500
65277654,MePoLT,20250518141046.0,\\$a0674993489,\\$aMePoLT$cMePoLT$erda,\4$aLOEB-PA 6203 .A2 1935 v.2,\4$a937,"1\$aMarcellinus, Ammianus.","10$aAmmianus Marcellinus: Roman History, Volume II, Books 20-26 (Loeb Classical Library No. 315) (English and Latin Edition).","\1$bLoeb Classical Library,$c1940.",\\$a704  p.,"\\$aAmmianus Marcellinus: Roman History, Volume II, Books 20-26 (Loeb Classical Library No. 315) (English and Latin Edition) by Ammianus Marcellinus (1940)",,\\$aLoeb,,\\$aYour library,00686     2200193 i 4500
65277667,MePoLT,20250518141046.0,\\$a0674993659,\\$aMePoLT$cMePoLT$erda,\4$aLOEB-PA 6203 .A2 1935 v.3,\4$a937,"1\$aMarcellinus, Ammianus.","10$aAmmianus Marcellinus: Roman History, Volume III, Books 27-31. Excerpta Valesiana (Loeb Classical Library No. 331) (English and Latin Edition).","\1$aLoeb Classical Library (1939), Edition$b Revised, Hardcover, 624 pages,$c1939.",\\$a624  p.,"\\$aAmmianus Marcellinus: Roman History, Volume III, Books 27-31. Excerpta Valesiana (Loeb Classical Library No. 331) (English and Latin Edition) by Ammianus Marcellinus (1939)",,\\$aLoeb,,\\$aYour library,00776     2200193 i 4500
65277720,MePoLT,20250518141051.0,\\$a0674990307,\\$aMePoLT$cMePoLT$erda,\4$aLOEB-PA 6220.5 .A6 1912 v.2,\4$a930,1\$aAugustine.,"10$aConfessions, Vol. 2: Books 9-13 (Loeb Classical Library, No. 27).","\1$bLoeb Classical Library,$c1912.",\\$a496  p.,"\\$aConfessions, Vol. 2: Books 9-13 (Loeb Classical Library, No. 27) by Augustine (1912)",,\\$aLoeb,,\\$aYour library,00553     2200193 i 4500
65277750,MePoLT,20250518141052.0,\\$a0674994558,\\$aMePoLT$cMePoLT$erda,\4$aLOEB-PA 622.5 .A9 1957 v.3,\4$a230,1\$aAugustine.,"10$aAugustine: City of God, Volume III, Books 8-11 (Loeb Classical Library No. 413).","\1$aLoeb Classical Library (1968), Edition$b abridged edition, Hardcover, 592 pages,$c1968.",\\$a592  p.,"\\$aAugustine: City of God, Volume III, Books 8-11 (Loeb Classical Library No. 413) by Augustine (1968)",,\\$aLoeb,,\\$aYour library,00639     2200193 i 4500
65277760,MePoLT,20250518141052.0,\\$a0674994566,\\$aMePoLT$cMePoLT$erda,\4$aLOEB-PA 622.5 .A9 1957 v.4,\4$a239.3,1\$aAugustine.,"10$aAugustine: City of God, Volume IV, Books 12-15 (Loeb Classical Library No. 414) (Bks.XII-XV v. 4).","\1$aLoeb Classical Library (1966), Edition$b abridged edition, Hardcover, 592 pages,$c1966.",\\$a592  p.,"\\$aAugustine: City of God, Volume IV, Books 12-15 (Loeb Classical Library No. 414) (Bks.XII-XV v. 4) by Augustine (1966)",,\\$aLoeb,,\\$aYour library,00677     2200193 i 4500
65277782,MePoLT,20250518141052.0,\\$a0674994590,\\$aMePoLT$cMePoLT$erda,\4$aLOEB-PA 622.5 .A9 1957 v.7,\4$a189,1\$aAugustine.,"10$aAugustine: City of God, Volume VII, Books 21-22 (Loeb Classical Library No. 417) (Bks.XXI-XXII v. 7).","\1$aLoeb Classical Library (1972), Edition$b abridged edition, Hardcover, 480 pages,$c1972.",\\$a461  p.,"\\$aAugustine: City of God, Volume VII, Books 21-22 (Loeb Classical Library No. 417) (Bks.XXI-XXII v. 7) by Augustine (1972)",,\\$aLoeb,,\\$aYour library,00681     2200193 i 4500
65277797,MePoLT,20250518141052.0,,\\$aMePoLT$cMePoLT$erda,\4$aLOEB-PA 6220.5 .A12 1953,\4$a281.4,"1\$aBaxter, James Houston (trans.).",10$aSt.Augustine Select Letters (Loeb Classical Library).,"\1$bWilliam Heinemann,$c1953.",,\\$aSt.Augustine Select Letters (Loeb Classical Library) by James Houston (trans.) Baxter (1953),,\\$aLoeb,,\\$aYour library,00513     2200169 i 4500
65277867,MePoLT,20250518141052.0,,\\$aMePoLT$cMePoLT$erda,\4$aLOEB-PA 6229 .B4 1930,\4$a870,"1\$aKing, Bede. Translated By J.E.","10$aBede: Historical Works, Volume I and II. Opera Historica. Loeb Classical Library.","\1$bHarvard University Press,$c1954.",,"\\$aBede: Historical Works, Volume I and II. Opera Historica. Loeb Classical Library by Bede. Translated By J.E. King (1954)",,\\$aLoeb$a2 vols,,\\$aYour library,00578     2200169 i 4500
65277877,MePoLT,20250518141052.0,\\$a0674990838,\\$aMePoLT$cMePoLT$erda,\4$aLOEB-PA 6231 .C8 1973,\4$a180,1\$aBoethius.,10$aBoethius: Theological Tractates. The Consolation of Philosophy (Loeb Classical Library).,"\1$aLoeb Classical Library (1973), Edition$b Reprint, Hardcover, 464 pages,$c1973.",\\$a464  p.,\\$aBoethius: Theological Tractates. The Consolation of Philosophy (Loeb Classical Library) by Boethius (1973),,\\$aLoeb,,\\$aYour library,00639     2200193 i 4500
65277939,MePoLT,20250518141052.0,\\$a0674994434,\\$aMePoLT$cMePoLT$erda,\4$aLOEB-PA 6235 .A2 1914 v.3,\4$a937,1\$aCaesar.,10$aCaesar: Alexandrian War. African War. Spanish War (Loeb Classical Library No. 402).,"\1$bLoeb Classical Library,$c1955.",\\$a464  p.,\\$aCaesar: Alexandrian War. African War. Spanish War (Loeb Classical Library No. 402) by Caesar (1955),,\\$aLoeb,,\\$aYour library,00581     2200193 i 4500
65277953,MePoLT,20250518141052.0,\\$a0674993136,\\$aMePoLT$cMePoLT$erda,\4$aLOEB-PA 6271 .C7 1935,\4$a630,1\$aCato.,10$aCato and Varro: On Agriculture (Loeb Classical Library No. 283).,"\1$aLoeb Classical Library (1934), Edition$b Revised, Hardcover, 576 pages,$c1934.",\\$a576  p.,\\$aCato and Varro: On Agriculture (Loeb Classical Library No. 283) by Cato (1934),,\\$aLoeb,,\\$aYour library,00583     2200193 i 4500
65278008,MePoLT,20250518141052.0,\\$a0434993042,\\$aMePoLT$cMePoLT$erda,\4$aLOEB-PA 6277 .C2 1935 v.2',\4$a610,1\$aCelsus.,"10$aCelsus: On Medicine, Vol. 2 (De Medicina, Vol. 2), Books 5-6 (Loeb Classical Library) (Bks.V-VI v. 2).","\1$bHarvard / Heinemann / Loeb Classical Library,$c1938.",\\$a358  p.,"\\$aCelsus: On Medicine, Vol. 2 (De Medicina, Vol. 2), Books 5-6 (Loeb Classical Library) (Bks.V-VI v. 2) by Celsus (1938)",,\\$aLoeb,,\\$aYour library,00642     2200193 i 4500
65278016,MePoLT,20250518141052.0,\\$a0674993705,\\$aMePoLT$cMePoLT$erda,\4$aLOEB-PA 6277 .C2 1935 v.3,\4$a610,1\$aCelsus.,"10$aCelsus: On Medicine, Vol. 3 (De Medicina, Vol. 3), Books 7-8 (Loeb Classical Library, No. 336).","\1$bHarvard / Heinemann / Loeb Classical Library,$c1938.",\\$a368  p.,"\\$aCelsus: On Medicine, Vol. 3 (De Medicina, Vol. 3), Books 7-8 (Loeb Classical Library, No. 336) by Celsus (1938)",,\\$aLoeb,,\\$aYour library,00627     2200193 i 4500
65278126,MePoLT,20250518141052.0,\\$a0674992180,\\$aMePoLT$cMePoLT$erda,\4$aLOEB-PA 6278 .A2 v.9 1927,\4$a937.050924,"1\$aCicero, Marcus Tullius.",10$aCicero: Orations (Pro Lege Manilia. Pro Caecina. Pro Cluentio. Pro Rabirio. Perduellionis Reo. (Loeb Classical Library No. 198).,"\1$bLoeb Classical Library,$c1927.",\\$a512  p.,\\$aCicero: Orations (Pro Lege Manilia. Pro Caecina. Pro Cluentio. Pro Rabirio. Perduellionis Reo. (Loeb Classical Library No. 198) by Marcus Tullius Cicero (1927),,\\$aLoeb,,\\$aYour library,00709     2200193 i 4500
65278151,MePoLT,20250518141053.0,\\$a0674992784,\\$aMePoLT$cMePoLT$erda,\4$aLOEB-PA 6278 .A2 v.14 1953,\4$a937.050924,"1\$aCicero, Marcus Tullius.",10$aPro Milone. In Pisonem. Pro Scauro. Pro Fonteio. Pro Rabirio Postumo. Pro Marcello. Pro Ligario. Pro Rege Deiotaro (Loeb Classical Library).,"\1$aLoeb Classical Library (1931), Edition$b Revised, Hardcover, 560 pages,$c1931.",\\$a560  p.,\\$aPro Milone. In Pisonem. Pro Scauro. Pro Fonteio. Pro Rabirio Postumo. Pro Marcello. Pro Ligario. Pro Rege Deiotaro (Loeb Classical Library) by Marcus Tullius Cicero (1931),,\\$aLoeb,,\\$aYour library,00782     2200193 i 4500
65278212,MePoLT,20250518141053.0,\\$a0674996356,\\$aMePoLT$cMePoLT$erda,\4$aLOEB-PA 6278 .A2 v.15B 2009,\4$a808,"1\$aCicero, Marcus Tullius.","10$aCicero, XVb, Orations: Philippics 7-14 (Loeb Classical Library).","\1$bLoeb Classical Library,$c2010.",\\$a384  p.,"\\$aCicero, XVb, Orations: Philippics 7-14 (Loeb Classical Library) by Marcus Tullius Cicero (2010)",,\\$aLoeb,,\\$aYour library,00576     2200193 i 4500
65278311,MePoLT,20250518141053.0,\\$a0674991745,\\$aMePoLT$cMePoLT$erda,\4$aLOEB-PA 6278 .A2 v.11,\4$a937.050924,"1\$aCicero, Marcus Tullius.","10$aOrations: Pro Archia, Post Reditum in Sentu, Post Reditum Ad Quirit (Loeb Classical Library, No. 158).","\1$bLoeb Classical Library,$c1923.",\\$a560  p.,"\\$aOrations: Pro Archia, Post Reditum in Sentu, Post Reditum Ad Quirit (Loeb Classical Library, No. 158) by Marcus Tullius Cicero (1923)",,\\$aLoeb$amissing,,\\$aYour library,00662     2200193 i 4500
65278338,MePoLT,20250518141053.0,\\$a0674993411,\\$aMePoLT$cMePoLT$erda,\4$aLOEB-PA 6278 .A2 v.12 1958,\4$a937.050924,"1\$aCicero, Marcus Tullius.",10$aCicero: Pro Sestio. In Vatinium. B. Orations (Loeb Classical Library No. 309).,"\1$aLoeb Classical Library (1958), Edition$b Revised, Hardcover, 400 pages,$c1958.",\\$a400  p.,\\$aCicero: Pro Sestio. In Vatinium. B. Orations (Loeb Classical Library No. 309) by Marcus Tullius Cicero (1958),,\\$aLoeb,,\\$aYour library,00658     2200193 i 4500
65278368,MePoLT,20250518141053.0,\\$a0674993233,\\$aMePoLT$cMePoLT$erda,\4$aLOEB-PA 6278 .A2 v.8 1935,\4$a937.050924,"1\$aCicero, Marcus Tullius.","10$aCicero: The Verrine Orations, Volume II, Against Verres, Part 2, Books 3-5, B. Orations (Loeb Classical Library No. 293).","\1$bLoeb Classical Library,$c1935.",\\$a704  p.,"\\$aCicero: The Verrine Orations, Volume II, Against Verres, Part 2, Books 3-5, B. Orations (Loeb Classical Library No. 293) by Marcus Tullius Cicero (1935)",,\\$aLoeb$a2 copies,,\\$aYour library,00705     2200193 i 4500
65278662,MePoLT,20250518141053.0,\\$a0674991702,\\$aMePoLT$cMePoLT$erda,\4$aLOEB-PA 6278 .A2 v.20 1923,\4$a937.050924,"1\$aFalconer, William Armistead, Tr. Cicero.","10$aCicero. De Senectute, De Amicitia, De Divinatione. With an English Translation By William Armstead Falconer.","\1$aHarvard Univ Pr (1923), Edition$b Loeb Library Edition, Hardcover,$c1923.",\\$a576  p.,"\\$aCicero. De Senectute, De Amicitia, De Divinatione. With an English Translation By William Armstead Falconer by William Armistead Falconer, Tr. Cicero. (1923)",,\\$aLoeb$a2 copies,,\\$aYour library,00758     2200193 i 4500
65278687,MePoLT,20250518141053.0,\\$a0674992962,\\$aMePoLT$cMePoLT$erda,\4$aLOEB-PA 6278 .A2 v.19 1933,\4$a937.050924,"1\$aCicero, Marcus Tullius.","10$aDe natura deorum / Academica (Loeb Classical Library, No. 268).","\1$bLoeb Classical Library,$c1933.",\\$a688  p.,"\\$aDe natura deorum / Academica (Loeb Classical Library, No. 268) by Marcus Tullius Cicero (1933)",,\\$aLoeb,,\\$aYour library,00580     2200193 i 4500
65278728,MePoLT,20250518141053.0,,\\$aMePoLT$cMePoLT$erda,\4$aLOEB-PA 6278 .A2 v.3 1942,\4$a937.050924,"1\$aCicero, Marcus Tullius.","10$aCicero III: De Oratore, Books I-II (Loeb Classical Library) (English and Latin Edition).","\1$bHarvard Univ. Press;,$c1942.",,"\\$aCicero III: De Oratore, Books I-II (Loeb Classical Library) (English and Latin Edition) by Marcus Tullius Cicero (1942)",,\\$aLoeb,,\\$aYour library,00576     2200169 i 4500
65278874,MePoLT,20250518141053.0,\\$a0674992350,\\$aMePoLT$cMePoLT$erda,\4$aLOEB-PA 6278 .A2 v.16 1928,\4$a937.050924,"1\$aCicero, Marcus Tullius.","10$aCicero: De re Publica (On the Republic) , De Legibus (On the Laws) (Loeb Classical Library No. 213).","\1$bLoeb Classical Library,$c1928.",\\$a544  p.,"\\$aCicero: De re Publica (On the Republic) , De Legibus (On the Laws) (Loeb Classical Library No. 213) by Marcus Tullius Cicero (1928)",,\\$aLoeb,,\\$aYour library,00654     2200193 i 4500
65278905,MePoLT,20250518141053.0,\\$a0674995716,\\$aMePoLT$cMePoLT$erda,\4$aLOEB-PA 6278 .A2 v.22 1999,\4$a937.05092,"1\$aCicero, Marcus Tullius.","10$aCicero: Vol. XXII, Letters to Atticus 1-89 (Loeb Classical Library No. 7).","\1$bLoeb Classical Library,$c1999.",\\$a352  p.,"\\$aCicero: Vol. XXII, Letters to Atticus 1-89 (Loeb Classical Library No. 7) by Marcus Tullius Cicero (1999)",,\\$aLoeb$a2 copies,,\\$aYour library,00611     2200193 i 4500
65278918,MePoLT,20250518141053.0,\\$a0674995732,\\$aMePoLT$cMePoLT$erda,\4$aLOEB-PA 6278 .A2 v.24 1999,\4$a937.05092,"1\$aCicero, Marcus Tullius.","10$aCicero: Letters to Atticus, III, 166-281 (Loeb Classical Library 97).","\1$bLoeb Classical Library,$c1999.",\\$a352  p.,"\\$aCicero: Letters to Atticus, III, 166-281 (Loeb Classical Library 97) by Marcus Tullius Cicero (1999)",,\\$aLoeb,,\\$aYour library,00591     2200193 i 4500
65278939,MePoLT,20250518141053.0,\\$a0434993867,\\$aMePoLT$cMePoLT$erda,\4$aLOEB-PA 6278 .A2 v.2 1949,\4$a937.050924,"1\$aCicero, Marcus Tullius.",10$aDe Inventione; De Optimo Genere Oratorum; Topica (Loeb Classical Library).,"\1$bWilliam Heinemann Ltd,$c1949.",\\$a484  p.,\\$aDe Inventione; De Optimo Genere Oratorum; Topica (Loeb Classical Library) by Marcus Tullius Cicero (1949),,\\$aLoeb,,\\$aYour library,00600     2200193 i 4500
65278962,MePoLT,20250518141054.0,\\$a0674995880,\\$aMePoLT$cMePoLT$erda,\4$aLOEB-PA 6278 .A2 v.25 2001,\4$a937.05092,"1\$aCicero, Marcus Tullius.",10$aCicero: Letters to Friends (Loeb Classical Library No. 205).,"\1$bLoeb Classical Library,$c2001.",\\$a512  p.,\\$aCicero: Letters to Friends (Loeb Classical Library No. 205) by Marcus Tullius Cicero (2001),,\\$aLoeb,,\\$aYour library,00573     2200193 i 4500
65278971,MePoLT,20250518141054.0,\\$a0674995899,\\$aMePoLT$cMePoLT$erda,\4$aLOEB-PA 6278 .A2 v.26 2001,\4$a937.05092,"1\$aCicero, Marcus Tullius.","10$aCicero: Letters to Friends, Volume II, 114-280 (Loeb Classical Library No. 216).","\1$bLoeb Classical Library,$c2001.",\\$a496  p.,"\\$aCicero: Letters to Friends, Volume II, 114-280 (Loeb Classical Library No. 216) by Marcus Tullius Cicero (2001)",,\\$aLoeb,,\\$aYour library,00613     2200193 i 4500
65279008,MePoLT,20250518141054.0,\\$a0674991508,\\$aMePoLT$cMePoLT$erda,\4$aLOEB-PA 6372 .A2 1963 v.1,\4$a938,1\$aClaudian.,10$aClaudian: Volume I (Loeb Classical Library No. 135).,"\1$bLoeb Classical Library,$c1922.",\\$a432  p.,\\$aClaudian: Volume I (Loeb Classical Library No. 135) by Claudian (1922),,\\$aLoeb,,\\$aYour library,00523     2200193 i 4500
65279064,MePoLT,20250518141054.0,\\$a0674994485,\\$aMePoLT$cMePoLT$erda,\4$aLOEB-PA 6375 .C6 1941 v.2,\4$a630,1\$aColumella.,"10$aColumella: On Agriculture, Volume II, Books 5-9 (Loeb Classical Library No. 407).","\1$aLoeb Classical Library (1954), Edition$b Revised, Hardcover, 528 pages,$c1954.",\\$a528  p.,"\\$aColumella: On Agriculture, Volume II, Books 5-9 (Loeb Classical Library No. 407) by Columella (1954)",,\\$aLoeb,,\\$aYour library,00631     2200193 i 4500
65279072,MePoLT,20250518141054.0,\\$a0674994493,\\$aMePoLT$cMePoLT$erda,\4$aLOEB-PA 6375 .C6 1941 v.3,\4$a630,1\$aColumella.,"10$aColumella: On Agriculture, Volume III, Books 10-12. On Trees (Loeb Classical Library No. 408).","\1$aLoeb Classical Library (1955), Edition$b Revised, Hardcover, 448 pages,$c1955.",\\$a448  p.,"\\$aColumella: On Agriculture, Volume III, Books 10-12. On Trees (Loeb Classical Library No. 408) by Columella (1955)",,\\$aLoeb,,\\$aYour library,00657     2200193 i 4500
65279102,MePoLT,20250518141054.0,\\$a0674991249,\\$aMePoLT$cMePoLT$erda,\4$aLOEB-PA 6389 .F6 1919 v.1,\4$a937,1\$aFronto.,"10$aMarcus Cornelius Fronto: Correspondence, I (Loeb Classical Library No. 112).","\1$bLoeb Classical Library,$c1919.",\\$a368  p.,"\\$aMarcus Cornelius Fronto: Correspondence, I (Loeb Classical Library No. 112) by Fronto (1919)",,\\$aLoeb,,\\$aYour library,00567     2200193 i 4500
65279113,MePoLT,20250518141054.0,\\$a0674991257,\\$aMePoLT$cMePoLT$erda,\4$aLOEB-PA 6389 .F6 1919 v.2,\4$a937,1\$aFronto.,"10$aMarcus Cornelius Fronto: Correspondence, II (Loeb Classical Library No. 113).","\1$bLoeb Classical Library,$c1920.",\\$a384  p.,"\\$aMarcus Cornelius Fronto: Correspondence, II (Loeb Classical Library No. 113) by Fronto (1920)",,\\$aLoeb,,\\$aYour library,00569     2200193 i 4500
65279148,MePoLT,20250518141054.0,\\$a0674992342,\\$aMePoLT$cMePoLT$erda,\4$aLOEB-PA 6390 .A2 1946 v.3,\4$a878.01,1\$aGellius.,"10$aAulus Gellius: Attic Nights, Volume III, Books 14-20 (Loeb Classical Library No. 212).","\1$bLoeb Classical Library,$c1927.",\\$a544  p.,"\\$aAulus Gellius: Attic Nights, Volume III, Books 14-20 (Loeb Classical Library No. 212) by Gellius (1927)",,\\$aLoeb,,\\$aYour library,00592     2200193 i 4500
65279179,MePoLT,20250518141054.0,,\\$aMePoLT$cMePoLT$erda,\4$aLOEB-PA 6393 .C2 1978,\4$a874.01,"1\$aBennett, Horace /.",10$aHorace: The Odes and Epodes.,"\1$bHeinemann London / Harvard,$c1951.",,\\$aHorace: The Odes and Epodes by Horace / Bennett (1951),,,,\\$aYour library,00423     2200157 i 4500
65279212,MePoLT,20250518141054.0,\\$a0674992881,\\$aMePoLT$cMePoLT$erda,\4$aLOEB-PA 6445 .J1 1933,\4$a270.2092,1\$aJerome.,10$aJerome: Select Letters (Loeb Classical Library No. 262).,"\1$bLoeb Classical Library,$c1933.",\\$a528  p.,\\$aJerome: Select Letters (Loeb Classical Library No. 262) by Jerome (1933),,\\$aLoeb,,\\$aYour library,00528     2200193 i 4500
65279217,MePoLT,20250518141054.0,\\$a0674991028,\\$aMePoLT$cMePoLT$erda,\4$aLOEB-PA 6448 .A2 1940,\4$a871.01,1\$aJuvenal.,10$aJuvenal and Persius (Loeb Classical Library No. 91).,"\1$aLoeb Classical Library (1918), Edition$b Revised, Hardcover, 560 pages,$c1918.",\\$a560  p.,\\$aJuvenal and Persius (Loeb Classical Library No. 91) by Juvenal (1918),,\\$aLoeb,,\\$aYour library,00568     2200193 i 4500
65444801,MePoLT,20250518141054.0,\\$a0674991265,\\$aMePoLT$cMePoLT$erda,\4$aLOEB-PA 6452 .A2 1919 v.1,\4$a937,1\$aLivy.,"10$aLivy: History of Rome, Vol. I, Books 1-2 (Loeb Classical Library: Latin Authors, Vol. 114).","\1$bLoeb Classical Library,$c1919.",\\$a484  p.,"\\$aLivy: History of Rome, Vol. I, Books 1-2 (Loeb Classical Library: Latin Authors, Vol. 114) by Livy (1919)",,\\$aLoeb,,\\$aYour library,00593     2200193 i 4500
65444815,MePoLT,20250518141054.0,\\$a0674993462,\\$aMePoLT$cMePoLT$erda,\4$aLOEB-PA 6452 .A2 1919 v.11,\4$a937,1\$aLivy.,"10$aLivy: History of Rome, Volume XI, Books 38-39 (Loeb Classical Library No. 313) (Bks. 1-45, v. 11).","\1$bLoeb Classical Library,$c1936.",\\$a432  p.,"\\$aLivy: History of Rome, Volume XI, Books 38-39 (Loeb Classical Library No. 313) (Bks. 1-45, v. 11) by Livy (1936)",,\\$aLoeb,,\\$aYour library,00608     2200193 i 4500
65444826,MePoLT,20250518141055.0,\\$a0674993667,\\$aMePoLT$cMePoLT$erda,\4$aLOEB-PA 6452 .A2 1919 v.12,\4$a937,1\$aLivy.,"10$aLivy: History of Rome, Volume XII, Books 40-42. (Loeb Classical Library No. 332).","\1$bLoeb Classical Library,$c1938.",\\$a544  p.,"\\$aLivy: History of Rome, Volume XII, Books 40-42. (Loeb Classical Library No. 332) by Livy (1938)",,\\$aLoeb,,\\$aYour library,00574     2200193 i 4500
65444849,MePoLT,20250518141055.0,\\$a0674993322,\\$aMePoLT$cMePoLT$erda,\4$aLOEB-PA 6452 .A2 1919 v.10,\4$a937,1\$aLivy.,"10$aLivy: History of Rome, Volume X, Books 35-37 (Loeb Classical Library No. 301).","\1$bLoeb Classical Library,$c1935.",\\$a512  p.,"\\$aLivy: History of Rome, Volume X, Books 35-37 (Loeb Classical Library No. 301) by Livy (1935)",,\\$aLoeb$a2 copies,,\\$aYour library,00578     2200193 i 4500
65444861,MePoLT,20250518141055.0,\\$a0674992105,\\$aMePoLT$cMePoLT$erda,\4$aLOEB-PA 6452 .A2 1919 v.4,\4$a937,1\$aLivy.,"10$aLivy: History of Rome, Volume IV, Books 8-10 (Loeb Classical Library No. 191).","\1$bLoeb Classical Library,$c1926.",\\$a592  p.,"\\$aLivy: History of Rome, Volume IV, Books 8-10 (Loeb Classical Library No. 191) by Livy (1926)",,\\$aLoeb,,\\$aYour library,00567     2200193 i 4500
65444898,MePoLT,20250518141055.0,\\$a0674994353,\\$aMePoLT$cMePoLT$erda,\4$aLOEB-PA 6452 .A2 1919 v.13,\4$a937,1\$aLivy.,"10$aLivy: History of Rome, Volume XIII, Books 43-45. (Loeb Classical Library No. 396).","\1$bLoeb Classical Library,$c1951.",\\$a448  p.,"\\$aLivy: History of Rome, Volume XIII, Books 43-45. (Loeb Classical Library No. 396) by Livy (1951)",,\\$aLoeb,,\\$aYour library,00576     2200193 i 4500
65919142,MePoLT,20250518141055.0,,\\$aMePoLT$cMePoLT$erda,\4$aPA 6156 .A5 6482 .A2,\4$a871.1,"1\$aRouse, W.H.D. Lucretius;.",10$aDe Rerum Natura (With an English Translation).,"\1$bHarvard University,$c1959.",,\\$aDe Rerum Natura (With an English Translation) by W.H.D. Lucretius; Rouse (1959),,\\$amissing$aLoeb,,\\$aYour library,00493     2200169 i 4500
65919451,MePoLT,20250518141055.0,\\$a0674995554,\\$aMePoLT$cMePoLT$erda,\4$aLOEB-PA 6501 .A2 1993 v.1,\4$a878.0102,1\$aMartial.,"10$aEpigrams, Volume I: Spectacles, Books 1-5 (Loeb Classical Library).","\1$bLoeb Classical Library,$c1993.",\\$a416  p.,"\\$aEpigrams, Volume I: Spectacles, Books 1-5 (Loeb Classical Library) by Martial (1993)",,\\$aLoeb,,\\$aYour library,00556     2200193 i 4500
65919462,MePoLT,20250518141057.0,\\$a0674995562,\\$aMePoLT$cMePoLT$erda,\4$aLOEB-PA 6501 .A2 1993 v.2,\4$a878.0102,1\$aMartial.,"10$aEpigrams, Volume II: Books 6-10 (Loeb Classical Library).","\1$bLoeb Classical Library,$c1993.",\\$a416  p.,"\\$aEpigrams, Volume II: Books 6-10 (Loeb Classical Library) by Martial (1993)",,\\$aLoeb,,\\$aYour library,00536     2200193 i 4500
65919505,MePoLT,20250518141057.0,\\$a0674995147,\\$aMePoLT$cMePoLT$erda,\4$aLOEB-PA 6515 .A2 1984,\4$a920,"1\$aNepos, Cornelius.",10$aCornelius Nepos: On Great Generals. On Historians. (Loeb Classical Library No. 467).,"\1$bLoeb Classical Library,$c1929.",\\$a368  p.,\\$aCornelius Nepos: On Great Generals. On Historians. (Loeb Classical Library No. 467) by Cornelius Nepos (1929),,\\$aLoeb,,\\$aYour library,00598     2200193 i 4500
65919534,MePoLT,20250518141057.0,\\$a0674992792,\\$aMePoLT$cMePoLT$erda,\4$aLOEB-PA 6519 .A2 1977 v.5,\4$a871.01,1\$aOvid.,10$aOvid: Fasti (Loeb Classical Library No. 253) (English and Latin Edition).,"\1$aHarvard University Press (1989), Edition$b 2nd, Hardcover, 496 pages,$c1989.",\\$a496  p.,\\$aOvid: Fasti (Loeb Classical Library No. 253) (English and Latin Edition) by Ovid (1989),,\\$aLoeb,,\\$aYour library,00606     2200193 i 4500
65919554,MePoLT,20250518141057.0,\\$a0674990471,\\$aMePoLT$cMePoLT$erda,\4$aLOEB-PA 6519 .A2 1977 v.4,\4$a871.01,1\$aOvid.,"10$aOvid IV: Metamorphoses, Books IX-XV (Loeb Classical Library, No. 43).","\1$aLoeb Classical Library (1916), Edition$b 2 Sub, Hardcover, 512 pages,$c1916.",\\$a512  p.,"\\$aOvid IV: Metamorphoses, Books IX-XV (Loeb Classical Library, No. 43) by Ovid (1916)",,\\$aLoeb,,\\$aYour library,00598     2200193 i 4500
65919580,MePoLT,20250518141057.0,\\$a0674990161,\\$aMePoLT$cMePoLT$erda,\4$aLOEB-PA 6558 .A2 1987,\4$a873.01,1\$aPetronius.,10$aPetronius: Satyricon; Seneca: Apocolocyntosis (Loeb Classical Library No. 15).,"\1$aLoeb Classical Library (1913), Edition$b Revised, Hardcover, 544 pages,$c1913.",\\$a544  p.,\\$aPetronius: Satyricon; Seneca: Apocolocyntosis (Loeb Classical Library No. 15) by Petronius (1913),,\\$aLoeb,,\\$aYour library,00624     2200193 i 4500
65919629,MePoLT,20250518141057.0,\\$a0674990684,\\$aMePoLT$cMePoLT$erda,\4$aLOEB-PA 6568 .A2 1916 v.2,\4$a872.01,1\$aPaul Nixon.,10$aCasina. The Casket Comedy. Curculio. Epidicus. The Two Menaechmuses (Loeb Classical Library).,"\1$bLoeb Classical Library,$c1917.",\\$a512  p.,\\$aCasina. The Casket Comedy. Curculio. Epidicus. The Two Menaechmuses (Loeb Classical Library) by Paul Nixon (1917),,\\$aLoeb$a2 copies,,\\$aYour library,00622     2200193 i 4500
65920211,MePoLT,20250518141057.0,,\\$aMePoLT$cMePoLT$erda,\4$aLOEB-PA 6568 .A2 1916 v.3,\4$a872.01,"1\$aNixon, Paul.",10$aPlautus III: The Merchant. The Braggart Warrior. The Haunted House. The Persian. (Loeb Classical Library).,"\1$aHarvard University Press (1995), Edition$b 163, Hardcover,$c1995.",,\\$aPlautus III: The Merchant. The Braggart Warrior. The Haunted House. The Persian. (Loeb Classical Library) by Paul Nixon (1995),,\\$aLoeb,,\\$aYour library,00623     2200169 i 4500
65920531,MePoLT,20250518141057.0,\\$a0674990617,\\$aMePoLT$cMePoLT$erda,\4$aLOEB-PA 6638 .A2 1969 v.1,\4$a809,"1\$aYounger, Pliny the.","10$aLetters and Panegyricus I, Books 1-7 (Loeb Classical Library).","\1$bLoeb Classical Library,$c1969.",\\$a563  p.,"\\$aLetters and Panegyricus I, Books 1-7 (Loeb Classical Library) by Pliny the Younger (1969)",,\\$aLoeb$aDUP$aCHECK,,\\$aYour library,00574     2200193 i 4500
65920551,MePoLT,20250518141057.0,\\$a0674993896,\\$aMePoLT$cMePoLT$erda,\4$aLOEB-PA 6611 .A2 1940 v.3,\4$a508,1\$aPliny.,"10$aPliny: Natural History, Volume III, Books 8-11 (Loeb Classical Library No. 353) (Bks.VIII-XI v. 3).","\1$bLoeb Classical Library,$c1940.",\\$a624  p.,"\\$aPliny: Natural History, Volume III, Books 8-11 (Loeb Classical Library No. 353) (Bks.VIII-XI v. 3) by Pliny (1940)",,\\$aLoeb,,\\$aYour library,00611     2200193 i 4500
65920569,MePoLT,20250518141057.0,\\$a0674994094,\\$aMePoLT$cMePoLT$erda,\4$aLOEB-PA 6611 .A2 1940 v.5,\4$a508,1\$aPliny.,"10$aPliny: Natural History, Volume V, Books 17-19 (Loeb Classical Library No. 371).","\1$bLoeb Classical Library,$c1950.",\\$a560  p.,"\\$aPliny: Natural History, Volume V, Books 17-19 (Loeb Classical Library No. 371) by Pliny (1950)",,\\$aLoeb,,\\$aYour library,00571     2200193 i 4500
65920630,MePoLT,20250518141057.0,\\$a0674994329,\\$aMePoLT$cMePoLT$erda,\4$aLOEB-PA 6611 .A2 1940 v.7,\4$a508,1\$aPliny.,"10$aPliny: Natural History, Volume VII, Books 24-27. Index of Plants. (Loeb Classical Library No. 393).","\1$bLoeb Classical Library,$c1956.",\\$a576  p.,"\\$aPliny: Natural History, Volume VII, Books 24-27. Index of Plants. (Loeb Classical Library No. 393) by Pliny (1956)",,\\$aLoeb,,\\$aYour library,00611     2200193 i 4500
65920638,MePoLT,20250518141058.0,\\$a0674994337,\\$aMePoLT$cMePoLT$erda,\4$aLOEB-PA 6611 .A2 1940 v.9,\4$a920,1\$aPliny.,"10$aPliny: Natural History, Volume IX, Books 33-35. (Loeb Classical Library No. 394).","\1$bLoeb Classical Library,$c1952.",\\$a432  p.,"\\$aPliny: Natural History, Volume IX, Books 33-35. (Loeb Classical Library No. 394) by Pliny (1952)",,\\$aLoeb,,\\$aYour library,00575     2200193 i 4500
65940515,MePoLT,20250518141058.0,\\$a067499020X,\\$aMePoLT$cMePoLT$erda,\4$aLOEB-PA 6645 .A2 1999,\4$a874.01,1\$aPropertius.,"10$aPropertius, Elegies (Loeb Classical Library No. 18).","\1$bLoeb Classical Library,$c1990.",\\$a464  p.,"\\$aPropertius, Elegies (Loeb Classical Library No. 18) by Propertius (1990)",,\\$aLoeb,,\\$aYour library,00526     2200193 i 4500
65940536,MePoLT,20250518141058.0,\\$a0674994388,\\$aMePoLT$cMePoLT$erda,\4$aLOEB-PA 6648 .P6 1949 v.2,\4$a937,1\$aPrudentius.,10$aPrudentius: Against Symmachus 2. Crowns of Martyrdom. Scenes From History. Epilogue (Loeb Classical Library No. 398).,"\1$bLoeb Classical Library,$c1953.",\\$a400  p.,\\$aPrudentius: Against Symmachus 2. Crowns of Martyrdom. Scenes From History. Epilogue (Loeb Classical Library No. 398) by Prudentius (1953),,\\$aLoeb,,\\$aYour library,00657     2200193 i 4500
65940545,MePoLT,20250518141058.0,\\$a0674995910,\\$aMePoLT$cMePoLT$erda,\4$aLOEB-PA 6649 .A2 2001 v.1,\4$a808.51,1\$aQuintilian.,"10$aThe Orator's Education, Volume I: Books 1-2 (Loeb Classical Library) (v. 1, Bk. 1-2).","\1$bLoeb Classical Library,$c2002.",\\$a448  p.,"\\$aThe Orator's Education, Volume I: Books 1-2 (Loeb Classical Library) (v. 1, Bk. 1-2) by Quintilian (2002)",,\\$aLoeb,,\\$aYour library,00596     2200193 i 4500
65940585,MePoLT,20250518141058.0,\\$a0674995945,\\$aMePoLT$cMePoLT$erda,\4$aLOEB-PA 6649 .A2 2001 v.4,\4$a808.51,1\$aQuintilian.,"10$aQuintilian: The Orator's Education, IV, Books 9-10 (Loeb Classical Library No. 127).","\1$aLoeb Classical Library (2002), Edition$b Revised, Hardcover, 432 pages,$c2002.",\\$a432  p.,"\\$aQuintilian: The Orator's Education, IV, Books 9-10 (Loeb Classical Library No. 127) by Quintilian (2002)",,\\$aLoeb,,\\$aYour library,00642     2200193 i 4500
65940595,MePoLT,20250518141058.0,\\$a0674995953,\\$aMePoLT$cMePoLT$erda,\4$aLOEB-PA 6649 .A2 2001 v.5,\4$a808.51,1\$aQuintilian.,"10$aQuintilian: The Orator's Education, V, Books 11-12 (Loeb Classical Library No. 494).","\1$bLoeb Classical Library,$c2002.",\\$a448  p.,"\\$aQuintilian: The Orator's Education, V, Books 11-12 (Loeb Classical Library No. 494) by Quintilian (2002)",,\\$aLoeb,,\\$aYour library,00594     2200193 i 4500
65940627,MePoLT,20250518141058.0,\\$a0674994051,\\$aMePoLT$cMePoLT$erda,\4$aLOEB-PA 6376 .A2 1946 v.1,\4$a938,"1\$aCurtius, Quintus.","10$aQuintus Curtius: History of Alexander, Volume I, Books 1-5 (Loeb Classical Library No. 368).","\1$bLoeb Classical Library,$c1946.",\\$a464  p.,"\\$aQuintus Curtius: History of Alexander, Volume I, Books 1-5 (Loeb Classical Library No. 368) by Quintus Curtius (1946)",,\\$aLoeb,,\\$aYour library,00618     2200193 i 4500
65940651,MePoLT,20250518141058.0,\\$a0674994078,\\$aMePoLT$cMePoLT$erda,\4$aLOEB-PA 6376 .A2 1946 v.2,\4$a937,"1\$aCurtius, Quintus.","10$aQuintus Curtius: History of Alexander, Volume II, Books 6-10 (Loeb Classical Library No. 369).","\1$bLoeb Classical Library,$c1946.",\\$a640  p.,"\\$aQuintus Curtius: History of Alexander, Volume II, Books 6-10 (Loeb Classical Library No. 369) by Quintus Curtius (1946)",,\\$aLoeb,,\\$aYour library,00622     2200193 i 4500
65940730,MePoLT,20250518141058.0,\\$a0674992369,\\$aMePoLT$cMePoLT$erda,\4$aLOEB-PA 6661 .A7 1928 v.1,\4$a188,1\$aSeneca.,"10$aSeneca: Moral Essays, Volume I (Loeb Classical Library No. 214).","\1$bLoeb Classical Library,$c1928.",\\$a480  p.,"\\$aSeneca: Moral Essays, Volume I (Loeb Classical Library No. 214) by Seneca (1928)",,\\$aLoeb,,\\$aYour library,00543     2200193 i 4500
65940740,MePoLT,20250518141058.0,\\$a0674993438,\\$aMePoLT$cMePoLT$erda,\4$aLOEB-PA 6661 .A7 1928 v.3,\4$a188,1\$aSeneca.,"10$aSeneca: Moral Essays, Volume III. De Beneficiis. (Loeb Classical Library No. 310).","\1$bLoeb Classical Library,$c1935.",\\$a544  p.,"\\$aSeneca: Moral Essays, Volume III. De Beneficiis. (Loeb Classical Library No. 310) by Seneca (1935)",,\\$aLoeb,,\\$aYour library,00579     2200193 i 4500
65941126,MePoLT,20250518141058.0,\\$a0674990862,\\$aMePoLT$cMePoLT$erda,\4$aLOEB-PA 6661 .E6 1917 v.3,\4$a170,1\$aSeneca.,"10$aSeneca, VI, Epistles 93-124 (Loeb Classical Library).","\1$aLoeb Classical Library (1925), Edition$b Revised, Hardcover, 480 pages,$c1925.",\\$a480  p.,"\\$aSeneca, VI, Epistles 93-124 (Loeb Classical Library) by Seneca (1925)",,,,\\$aYour library,00548     2200181 i 4500
65941173,MePoLT,20250518141058.0,\\$a0674996100,\\$aMePoLT$cMePoLT$erda,\4$aPA 6666 .A1 F58 v2,\4$a872.01,1\$aSeneca.,"10$aTragedies II: Oedipus, Agamemnon, Thyestes, Hercules on Oeta, Octavia (Loeb Classical Library).","\1$aLoeb Classical Library (2004), Edition$b annotated edition, Hardcover, 672 pages,$c2004.",\\$a672  p.,"\\$aTragedies II: Oedipus, Agamemnon, Thyestes, Hercules on Oeta, Octavia (Loeb Classical Library) by Seneca (2004)",,\\$aLoeb$aDUP$aREMOVE$aCHECK,,\\$aYour library,00679     2200193 i 4500
65941238,MePoLT,20250518141058.0,\\$a0674994620,\\$aMePoLT$cMePoLT$erda,\4$aLOEB-PA 6694 .S7 1936 v.2,\4$a808,1\$aSidonius.,"10$aSidonius: Letters, Books 3-9 (Loeb Classical Library No. 420).","\1$bLoeb Classical Library,$c1965.",\\$a672  p.,"\\$aSidonius: Letters, Books 3-9 (Loeb Classical Library No. 420) by Sidonius (1965)",,\\$aLoeb,,\\$aYour library,00543     2200193 i 4500
65941257,MePoLT,20250518141059.0,\\$a0674993063,\\$aMePoLT$cMePoLT$erda,\4$aLOEB-PA 6695 .A2 1927 v.2,\4$a808,"1\$aItalicus, Silius.","10$aSilius Italicus: Punica, Volume II, Books 9-17 (Loeb Classical Library No. 278).","\1$bLoeb Classical Library,$c1934.",\\$a512  p.,"\\$aSilius Italicus: Punica, Volume II, Books 9-17 (Loeb Classical Library No. 278) by Silius Italicus (1934)",,\\$aLoeb,,\\$aYour library,00594     2200193 i 4500
65941314,MePoLT,20250518141059.0,\\$a0674012089,\\$aMePoLT$cMePoLT$erda,\4$aLOEB-PA 6697 .A2 2003 v.2,\4$a809,"1\$aStatius, P. Papinius.","10$aThebaid, Volume I: Thebaid: Books 1-7 (Loeb Classical Library) (English and Latin Edition) (Bk. 1-7).","\1$bHarvard University Press,$c2004.",\\$a480  p.,"\\$aThebaid, Volume I: Thebaid: Books 1-7 (Loeb Classical Library) (English and Latin Edition) (Bk. 1-7) by P. Papinius Statius (2004)",,\\$aLoeb,,\\$aYour library,00646     2200193 i 4500
65941329,MePoLT,20250518141059.0,\\$a0674995708,\\$aMePoLT$cMePoLT$erda,\4$aLOEB-PA 6700 .A2 1997 v.1,\4$a920.037,1\$aSuetonius.,"10$aSuetonius, Vol. 1: The Lives of the Caesars--Julius. Augustus. Tiberius. Gaius. Caligula (Loeb Classical Library, No. 31).","\1$bLoeb Classical Library,$c1914.",\\$a528  p.,"\\$aSuetonius, Vol. 1: The Lives of the Caesars--Julius. Augustus. Tiberius. Gaius. Caligula (Loeb Classical Library, No. 31) by Suetonius (1914)",,\\$aLoeb,,\\$aYour library,00669     2200193 i 4500
65941335,MePoLT,20250518141059.0,\\$a0674995651,\\$aMePoLT$cMePoLT$erda,\4$aLOEB-PA 6700 .A2 1997 v.2,\4$a920.037,1\$aSuetonius.,"10$aSUETONIUS Vol.II The Lives of the Caesars, II: Claudius. Nero. Galba, Otho, and Vitellius. Vespasian. Titus, Domitian. Lives of Illustrious Men: Grammarians and Rhetoricians. ..Passienus Crispus (Loeb.","\1$aLoeb Classical Library (1914), Edition$b Revised, Hardcover, 576 pages,$c1914.",\\$a576  p.,"\\$aSUETONIUS Vol.II The Lives of the Caesars, II: Claudius. Nero. Galba, Otho, and Vitellius. Vespasian. Titus, Domitian. Lives of Illustrious Men: Grammarians and Rhetoricians. ..Passienus Crispus (Loeb by Suetonius (1914)",,\\$aLoeb,,\\$aYour library,00875     2200193 i 4500
65941570,MePoLT,20250518141059.0,\\$a067499597X,\\$aMePoLT$cMePoLT$erda,\4$aLOEB-PA 6755 .A2 2001 v.1,\4$a872.01,1\$aTerence.,"10$aTerence, Volume I. The Woman of Andros. The Self-Tormentor. The Eunuch (Loeb Classical Library No. 22).","\1$bLoeb Classical Library,$c2001.",\\$a464  p.,"\\$aTerence, Volume I. The Woman of Andros. The Self-Tormentor. The Eunuch (Loeb Classical Library No. 22) by Terence (2001)",,\\$amissing$aLoeb,,\\$aYour library,00635     2200193 i 4500
65941598,MePoLT,20250518141059.0,\\$a0674992768,\\$aMePoLT$cMePoLT$erda,\4$aLOEB-PA 6786 .T3 1931,\4$a281.08,1\$aTertullian.,10$aTertullian: Apology and De Spectaculis. Minucius Felix: Octavius (Loeb Classical Library No. 250) (English and Latin Edition).,"\1$bLoeb Classical Library,$c1931.",\\$a480  p.,\\$aTertullian: Apology and De Spectaculis. Minucius Felix: Octavius (Loeb Classical Library No. 250) (English and Latin Edition) by Tertullian (1931),,,,\\$aYour library,00653     2200181 i 4500
65941613,MePoLT,20250518141059.0,\\$a0674993160,\\$aMePoLT$cMePoLT$erda,\4$aLOEB-PA 6791 .V4 1936,\4$a873.01,"1\$aFlaccus, Valerius.",10$aValerius Flaccus: Argonautica (Loeb Classical Library No. 286).,"\1$aLoeb Classical Library (1934), Edition$b Revised, Hardcover, 480 pages,$c1934.",\\$a480  p.,\\$aValerius Flaccus: Argonautica (Loeb Classical Library No. 286) by Valerius Flaccus (1934),,\\$aLoeb,,\\$aYour library,00609     2200193 i 4500
65941632,MePoLT,20250518141059.0,\\$a0674995414,\\$aMePoLT$cMePoLT$erda,\4$aLOEB-PA 6791 .V6 2000 v.1,\4$a937.02,"1\$aMaximus, Valerius.","10$aMemorable Doings and Sayings, Volume I: Books 1-5 (Loeb Classical Library).","\1$bLoeb Classical Library,$c2000.",\\$a560  p.,"\\$aMemorable Doings and Sayings, Volume I: Books 1-5 (Loeb Classical Library) by Valerius Maximus (2000)",,\\$aLoeb,,\\$aYour library,00589     2200193 i 4500
65941661,MePoLT,20250518141059.0,\\$a0674993683,\\$aMePoLT$cMePoLT$erda,\4$aLOEB-PA 6792 .A3 1951 v.2,\4$a428,1\$aVarro.,"10$aVarro: On the Latin Language, Volume II, Books 8-10. Fragments. (Loeb Classical Library No. 334).","\1$bLoeb Classical Library,$c1938.",\\$a320  p.,"\\$aVarro: On the Latin Language, Volume II, Books 8-10. Fragments. (Loeb Classical Library No. 334) by Varro (1938)",,\\$aLoeb,,\\$aYour library,00607     2200193 i 4500
65941682,MePoLT,20250518141059.0,\\$a067499583X,\\$aMePoLT$cMePoLT$erda,\4$aLOEB-PA 6807 .A2 2000 v.1,\4$a871.01,1\$aVirgil.,10$aEclogues. Georgics. Aeneid: Books 1-6 (Loeb Classical Library).,"\1$aLoeb Classical Library (1916), Edition$b Revised, Hardcover, 608 pages,$c1916.",\\$a608  p.,\\$aEclogues. Georgics. Aeneid: Books 1-6 (Loeb Classical Library) by Virgil (1916),,\\$aLoeb,,\\$aYour library,00592     2200193 i 4500
65941711,MePoLT,20250518141059.0,\\$a0674993098,\\$aMePoLT$cMePoLT$erda,\4$aLOEB-PA 6868 .A2 1934 v.2,\4$a809,1\$aVitruvius.,"10$aVitruvius: On Architecture, Volume II, Books 6-10 (Loeb Classical Library No. 280).","\1$bLoeb Classical Library,$c1934.",\\$a448  p.,"\\$aVitruvius: On Architecture, Volume II, Books 6-10 (Loeb Classical Library No. 280) by Vitruvius (1934)",,\\$aLoeb,,\\$aYour library,00587     2200193 i 4500
66114415,MePoLT,20250518141059.0,,\\$aMePoLT$cMePoLT$erda,\4$aLOEB-PA 3319 .A2 1932 v.1,,"1\$aHunt, Arthur S.; Edgar, C. C.",10$aSelect Papyri: Vol. I Private Affairs (Loeb Classical Library).,"\1$bHeinemann/ Putnam/ Harvard 1932,$c1934.",,"\\$aSelect Papyri: Vol. I Private Affairs (Loeb Classical Library) by Arthur S.; Edgar Hunt, C. C. (1934)",,\\$aLoeb,,\\$aYour library,00523     2200157 i 4500
66114435,MePoLT,20250518141059.0,\\$a0674993977,\\$aMePoLT$cMePoLT$erda,\4$aLOEB-PA 3319 .A2 1932 v.3,\4$a089.81,"1\$aPage, D. L. (translator).","10$aSelect Papyri, Volume III (Loeb Classical Library No. 360).","\1$aLoeb Classical Library (1941), Edition$b Revised, Hardcover, 640 pages,$c1941.",\\$a640  p.,"\\$aSelect Papyri, Volume III (Loeb Classical Library No. 360) by D. L. (translator) Page (1941)",,\\$aLoeb,,\\$aYour library,00619     2200193 i 4500
66114660,MePoLT,20250518141100.0,\\$a0674993993,\\$aMePoLT$cMePoLT$erda,\4$aLOEB-PA 3403 .M3 1939 v.2,\4$a938,"1\$aThomas, Ivor.","10$aGreek Mathematical Works: Volume II, From Aristarchus to Pappus. (Loeb Classical Library No. 362).","\1$bLoeb Classical Library,$c1941.",\\$a704  p.,"\\$aGreek Mathematical Works: Volume II, From Aristarchus to Pappus. (Loeb Classical Library No. 362) by Ivor Thomas (1941)",,\\$aLoeb,,\\$aYour library,00622     2200193 i 4500
66114797,MePoLT,20250518141100.0,\\$a0674991583,\\$aMePoLT$cMePoLT$erda,\4$aLOEB-PA 3443 .C5 1988,\4$a884.0108,1\$aAnacreon.,"10$aGreek Lyric II: Anacreon, Anacreontea, Choral Lyric from Olympis to Alcman (Loeb Classical Library No. 143).","\1$bLoeb Classical Library,$c1988.",\\$a560  p.,"\\$aGreek Lyric II: Anacreon, Anacreontea, Choral Lyric from Olympis to Alcman (Loeb Classical Library No. 143) by Anacreon (1988)",,\\$aLoeb,,\\$aYour library,00636     2200193 i 4500
66114867,MePoLT,20250518141100.0,\\$a0674995597,\\$aMePoLT$cMePoLT$erda,\4$aLOEB-PA 3443 .C5 1993,\4$a884.0108,"1\$aCampbell, David A.","10$aGreek Lyric, Volume V: The New School of Poetry and Anonymous Songs and Hymns (Loeb Classical Library No. 144).","\1$bLoeb Classical Library,$c1993.",\\$a496  p.,"\\$aGreek Lyric, Volume V: The New School of Poetry and Anonymous Songs and Hymns (Loeb Classical Library No. 144) by David A. Campbell (1993)",,\\$aLoeb,,\\$aYour library,00660     2200193 i 4500
66115004,MePoLT,20250518141100.0,\\$a0674990315,\\$aMePoLT$cMePoLT$erda,\4$aLOEB-PA 3451 .E16 1928,\4$a881.01,1\$aTheocritus.,10$aGreek Bucolic Poets: Theocritus. Bion. Moschus (Loeb Classical Library No. 28).,"\1$aLoeb Classical Library (1912), Edition$b Revised, Hardcover, 560 pages,$c1912.",\\$a560  p.,\\$aGreek Bucolic Poets: Theocritus. Bion. Moschus (Loeb Classical Library No. 28) by Theocritus (1912),,\\$aLoeb,,\\$aYour library,00629     2200193 i 4500
66115058,MePoLT,20250518141100.0,,\\$aMePoLT$cMePoLT$erda,\4$aLOEB-PA 3458 .A2 v.3,\4$a881.008,"1\$aPaton, W.R. trans.",10$aLoeb: The Greek Anthology III.,"\1$bHeinemann/Harvard,$c1968.",,\\$aLoeb: The Greek Anthology III by W.R. trans. Paton (1968),,\\$aLoeb,,\\$aYour library,00440     2200169 i 4500
66115088,MePoLT,20250518141100.0,\\$a043499085X,\\$aMePoLT$cMePoLT$erda,\4$aLOEB-PA 3458 .A2 v.4,\4$a881.008,1\$aPaton.,10$aThe Greek Anthology. In Five Volumes. Vol. 4 of 5 : Loeb Classical Library..,"\1$bHeinemann,$c1918.",\\$a427  p.,\\$aThe Greek Anthology. In Five Volumes. Vol. 4 of 5 : Loeb Classical Library. by Paton (1918),,\\$aLoeb,,\\$aYour library,00551     2200193 i 4500
66115262,MePoLT,20250518141100.0,\\$a0674995821,\\$aMePoLT$cMePoLT$erda,\4$aLOEB-PA 3623 .E44 G75 1999,\4$a881.0108,1\$aTyrtaeus.,10$aGreek Elegiac Poetry: From the Seventh to the Fifth Centuries B.C. (Loeb Classical Library No. 258).,"\1$bLoeb Classical Library,$c1999.",\\$a512  p.,\\$aGreek Elegiac Poetry: From the Seventh to the Fifth Centuries B.C. (Loeb Classical Library No. 258) by Tyrtaeus (1999),,\\$aLoeb,,\\$aYour library,00625     2200193 i 4500
66115304,MePoLT,20250518141100.0,\\$a0674995813,\\$aMePoLT$cMePoLT$erda,\4$aPA 3623 .E44 G74 1999,\4$a881.0108,1\$aArchilochus.,10$aGreek Iambic Poetry: From the Seventh to the Fifth Centuries B.C. (Loeb Classical Library No. 259).,"\1$aLoeb Classical Library (1999), Edition$b 2, Hardcover, 560 pages,$c1999.",\\$a560  p.,\\$aGreek Iambic Poetry: From the Seventh to the Fifth Centuries B.C. (Loeb Classical Library No. 259) by Archilochus (1999),,\\$aLoeb$aCHECK,,\\$aYour library,00673     2200193 i 4500
66115461,MePoLT,20250518141100.0,\\$a067499535X,\\$aMePoLT$cMePoLT$erda,\4$aLOEB-PA 3821 .A4 1997,\4$a938,1\$aAelian.,10$aAelian: Historical Miscellany (Loeb Classical Library No. 486).,"\1$aLoeb Classical Library (1997), Edition$b annotated edition, Hardcover, 528 pages,$c1997.",\\$a528  p.,\\$aAelian: Historical Miscellany (Loeb Classical Library No. 486) by Aelian (1997),,\\$aLoeb,,\\$aYour library,00595     2200193 i 4500
66115486,MePoLT,20250518141100.0,\\$a0674991729,\\$aMePoLT$cMePoLT$erda,\4$aLOEB-PA 3822 .A5 1923,\4$a355,"1\$aTacticus, Aeneas.","10$aAeneas Tacticus, Asclepiodotus, Onasander (Loeb Classical Library, No. 156).","\1$bLoeb Classical Library,$c1923.",\\$a544  p.,"\\$aAeneas Tacticus, Asclepiodotus, Onasander (Loeb Classical Library, No. 156) by Aeneas Tacticus (1923)",,\\$aLoeb,,\\$aYour library,00582     2200193 i 4500
66115548,MePoLT,20250518141100.0,\\$a0674996275,\\$aMePoLT$cMePoLT$erda,\4$aLOEB-PA 3825 .A2 2008 v.1,\4$a808,1\$aAeschylus.,"10$aAeschylus, I, Persians. Seven against Thebes. Suppliants. Prometheus Bound (Loeb Classical Library).","\1$bLoeb Classical Library,$c2009.",\\$a624  p.,"\\$aAeschylus, I, Persians. Seven against Thebes. Suppliants. Prometheus Bound (Loeb Classical Library) by Aeschylus (2009)",,\\$aLoeb,,\\$aYour library,00621     2200193 i 4500
66115554,MePoLT,20250518141100.0,\\$a0674996283,\\$aMePoLT$cMePoLT$erda,\4$aLOEB-PA 3825 .A2 2008 v.2,\4$a808,1\$aAeschylus.,"10$aAeschylus, II, Oresteia: Agamemnon. Libation-Bearers. Eumenides (Loeb Classical Library).","\1$bLoeb Classical Library,$c2009.",\\$a544  p.,"\\$aAeschylus, II, Oresteia: Agamemnon. Libation-Bearers. Eumenides (Loeb Classical Library) by Aeschylus (2009)",,\\$aLoeb,,\\$aYour library,00599     2200193 i 4500
66372805,MePoLT,20250518141101.0,\\$a0434990035,\\$aMePoLT$cMePoLT$erda,\4$aLOEB-PA 3873 .A2 1912 v.2,\4$a937,1\$aAppian.,10$aRoman History: v. 2 (Loeb Classical Library).,"\1$bWilliam Heinemann Ltd,$c1912.",\\$a482  p.,\\$aRoman History: v. 2 (Loeb Classical Library) by Appian (1912),,\\$aLoeb,,\\$aYour library,00504     2200193 i 4500
66372895,MePoLT,20250518141109.0,\\$a0674991354,\\$aMePoLT$cMePoLT$erda,\4$aLOEB-PA 3870 .A7 1921 v.1,\4$a398,1\$aApollodorus.,"10$aThe Library, Volume I: Books 1-3.9 (Loeb Classical Library).","\1$aLoeb Classical Library (1921), Edition$b 6, Hardcover, 464 pages,$c1921.",\\$a464  p.,"\\$aThe Library, Volume I: Books 1-3.9 (Loeb Classical Library) by Apollodorus (1921)",,\\$aLoeb,,\\$aYour library,00587     2200193 i 4500
66372902,MePoLT,20250518141109.0,\\$a0434991228,\\$aMePoLT$cMePoLT$erda,\4$aLOEB-PA 3870 .A7 1921 v.2,\4$a398,1\$aApollodorus.,10$aThe Library: v. 2 (Loeb Classical Library).,"\1$bWilliam Heinemann Ltd,$c1921.",\\$a551  p.,\\$aThe Library: v. 2 (Loeb Classical Library) by Apollodorus (1921),,\\$aLoeb,,\\$aYour library,00510     2200193 i 4500
66373070,MePoLT,20250518141109.0,\\$a0674996070,\\$aMePoLT$cMePoLT$erda,\4$aLOEB-BR 60 .A62 2003 v.1,\4$a270.1,"1\$aEhrman, Bart D.","10$aThe Apostolic Fathers, Volume I: I Clement. II Clement. Ignatius. Polycarp. Didache (Loeb Classical Library).","\1$bLoeb Classical Library,$c2003.",\\$a464  p.,"\\$aThe Apostolic Fathers, Volume I: I Clement. II Clement. Ignatius. Polycarp. Didache (Loeb Classical Library) by Bart D. Ehrman (2003)",,\\$aLoeb,,\\$aYour library,00650     2200193 i 4500
66373082,MePoLT,20250518141109.0,\\$a0674996089,\\$aMePoLT$cMePoLT$erda,\4$aLOEB-BR 60 .A62 2003 v.2,\4$a270.1,"1\$aEhrman, Bart D.",10$aApostolic Fathers: Volume II. Epistle of Barnabas. Papias and Quadratus. Epistle to Diognetus. The Shepherd of Hermas (Loeb Classical Library No. 25N).,"\1$bLoeb Classical Library,$c2003.",\\$a496  p.,\\$aApostolic Fathers: Volume II. Epistle of Barnabas. Papias and Quadratus. Epistle to Diognetus. The Shepherd of Hermas (Loeb Classical Library No. 25N) by Bart D. Ehrman (2003),,\\$aLoeb,,\\$aYour library,00734     2200193 i 4500
66373168,MePoLT,20250518141109.0,\\$a0674995376,\\$aMePoLT$cMePoLT$erda,\4$aLOEB-PA 3877 .A1 H46 1998 v.2,\4$a882.01,1\$aAristophanes.,10$aAristophanes: Clouds. Wasps. Peace (Loeb Classical Library No. 488).,"\1$bLoeb Classical Library,$c1998.",\\$a624  p.,\\$aAristophanes: Clouds. Wasps. Peace (Loeb Classical Library No. 488) by Aristophanes (1998),,\\$aLoeb,,\\$aYour library,00570     2200193 i 4500
66373204,MePoLT,20250518141109.0,\\$a0674995961,\\$aMePoLT$cMePoLT$erda,\4$aLOEB-PA 3877 .A1 H46 1998 v.4,\4$a882.01,1\$aAristophanes.,10$aAristophanes: Frogs. Assemblywomen. Wealth. (Loeb Classical Library No. 180).,"\1$aLoeb Classical Library (2002), Edition$b annotated edition, Hardcover, 608 pages,$c2002.",\\$a608  p.,\\$aAristophanes: Frogs. Assemblywomen. Wealth. (Loeb Classical Library No. 180) by Aristophanes (2002),,\\$aLoeb,,\\$aYour library,00646     2200193 i 4500
66373372,MePoLT,20250518141109.0,\\$a0674994817,\\$aMePoLT$cMePoLT$erda,\4$aLOEB-PA 3892 .A4 1965 v.1,\4$a180,1\$aAristotle.,"10$aAristotle : History of Animals, Books I-III (Loeb Classical Library No. 437) (Bk. 1-3).","\1$bLoeb Classical Library,$c1965.",\\$a352  p.,"\\$aAristotle : History of Animals, Books I-III (Loeb Classical Library No. 437) (Bk. 1-3) by Aristotle (1965)",,\\$aLoeb,,\\$aYour library,00595     2200193 i 4500
66373383,MePoLT,20250518141109.0,\\$a0674994825,\\$aMePoLT$cMePoLT$erda,\4$aLOEB-PA 3892 .A4 1965 v.2,\4$a591.09014,1\$aAristotle.,"10$aAristotle : History of Animals, Books IV-VI (Loeb Classical Library No. 438) (Bk. 4-6).","\1$bLoeb Classical Library,$c1970.",\\$a432  p.,"\\$aAristotle : History of Animals, Books IV-VI (Loeb Classical Library No. 438) (Bk. 4-6) by Aristotle (1970)",,\\$aLoeb,,\\$aYour library,00601     2200193 i 4500
66373441,MePoLT,20250518141109.0,\\$a0674993578,\\$aMePoLT$cMePoLT$erda,\4$aLOEB-PA 3892 .A5 1961,\4$a590,1\$aAristotle.,10$aAristotle: Parts of Animals. Movement of Animals. Progression of Animals (Loeb Classical Library No. 323).,"\1$aLoeb Classical Library (1937), Edition$b Revised, Hardcover, 560 pages,$c1937.",\\$a560  p.,\\$aAristotle: Parts of Animals. Movement of Animals. Progression of Animals (Loeb Classical Library No. 323) by Aristotle (1937),,\\$aLoeb,,\\$aYour library,00677     2200193 i 4500
66373472,MePoLT,20250518141109.0,\\$a0674993594,\\$aMePoLT$cMePoLT$erda,\4$aLOEB-PA 3893 .C5 1938,\4$a885.01,1\$aAristotle.,10$aAristotle: Categories. On Interpretation. Prior Analytics (Loeb Classical Library No. 325).,"\1$bLoeb Classical Library,$c1938.",\\$a560  p.,\\$aAristotle: Categories. On Interpretation. Prior Analytics (Loeb Classical Library No. 325) by Aristotle (1938),,\\$aLoeb,,\\$aYour library,00602     2200193 i 4500
66373511,MePoLT,20250518141109.0,\\$a0674995635,\\$aMePoLT$cMePoLT$erda,\4$aLOEB-PA 3893 .P5 1995,\4$a808.2,1\$aAristotle.,10$aAristotle:Poetics.; Longinus: On the Sublime; Demetrius: On Style (Loeb Classical Library No. 199).,"\1$aLoeb Classical Library (1995), Edition$b Revised, Hardcover, 544 pages,$c1995.",\\$a544  p.,\\$aAristotle:Poetics.; Longinus: On the Sublime; Demetrius: On Style (Loeb Classical Library No. 199) by Aristotle (1995),,\\$aLoeb,,\\$aYour library,00665     2200193 i 4500
66373537,MePoLT,20250518141110.0,\\$a0674993497,\\$aMePoLT$cMePoLT$erda,\4$aLOEB-PA 3893 .P9 1936 v.1,\4$a885.01,1\$aAristotle.,"10$aAristotle: Problems, Books 1-21 (Loeb Classical Library No. 316) (Bks. 1-21).","\1$aLoeb Classical Library (1936), Edition$b Revised, Hardcover, 480 pages,$c1936.",\\$a480  p.,"\\$aAristotle: Problems, Books 1-21 (Loeb Classical Library No. 316) (Bks. 1-21) by Aristotle (1936)",,\\$aLoeb,,\\$aYour library,00626     2200193 i 4500
66373560,MePoLT,20250518141110.0,\\$a0674992121,\\$aMePoLT$cMePoLT$erda,\4$aLOEB-PA 3893 .R3 1926,\4$a888.01,1\$aAristotle.,10$aAristotle: Art of Rhetoric (Loeb Classical Library No. 193).,"\1$bLoeb Classical Library,$c1926.",\\$a544  p.,\\$aAristotle: Art of Rhetoric (Loeb Classical Library No. 193) by Aristotle (1926),,\\$aLoeb,,\\$aYour library,00540     2200193 i 4500
66615237,MePoLT,20250518141110.0,\\$a0674992970,\\$aMePoLT$cMePoLT$erda,\4$aLOEB-PA 3900 .A2 1976 v.2,\4$a938.070924,1\$aArrian.,"10$aArrian: Anabasis of Alexander, Books 5-7. Indica. (Loeb Classical Library No. 269).","\1$aLoeb Classical Library (1983), Edition$b Revised Text and Translation, Hardcover, 608 pages,$c1983.",\\$a608  p.,"\\$aArrian: Anabasis of Alexander, Books 5-7. Indica. (Loeb Classical Library No. 269) by Arrian (1983)",,\\$aLoeb,,\\$aYour library,00657     2200193 i 4500
66615421,MePoLT,20250518141110.0,\\$a0674996240,\\$aMePoLT$cMePoLT$erda,\4$aLOEB-PA 3937 .A2 1927 v.3,\4$a888.01,1\$aAthenaeus.,"10$aThe Learned Banqueters, Vol. 3: Books 6-7 (Loeb Classical Library) (Books VI-VII v. 3).","\1$aLoeb Classical Library (2008), Edition$b Bilingual, Hardcover, 592 pages,$c2008.",\\$a592  p.,"\\$aThe Learned Banqueters, Vol. 3: Books 6-7 (Loeb Classical Library) (Books VI-VII v. 3) by Athenaeus (2008)",,\\$aLoeb,,\\$aYour library,00648     2200193 i 4500
66615429,MePoLT,20250518141110.0,\\$a0674996321,\\$aMePoLT$cMePoLT$erda,\4$aLOEB-PA 3937 .A2 1927 v.5,\4$a809,1\$aAthenaeus.,"10$aThe Learned Banqueters, V, Books 10.420e-11 (Loeb Classical Library).","\1$bLoeb Classical Library,$c2009.",\\$a528  p.,"\\$aThe Learned Banqueters, V, Books 10.420e-11 (Loeb Classical Library) by Athenaeus (2009)",,\\$aLoeb,,\\$aYour library,00559     2200193 i 4500
66615440,MePoLT,20250518141110.0,\\$a0674996739,\\$aMePoLT$cMePoLT$erda,\4$aLOEB-PA 3937 .A2 1927 v.7,\4$a809,1\$aAthenaeus.,"10$aThe Learned Banqueters, Volume VII: Books 13.594b-14 (Loeb Classical Library).","\1$bLoeb Classical Library,$cno date.",\\$a416  p.,"\\$aThe Learned Banqueters, Volume VII: Books 13.594b-14 (Loeb Classical Library) by Athenaeus (no date)",,\\$amissing,,\\$aYour library,00586     2200193 i 4500
66615638,MePoLT,20250518141110.0,,\\$aMePoLT$cMePoLT$erda,\4$aLOEB-PA 3944 .B2 1926,\4$a270.2,"1\$aBasil, Saint.","10$aThe Letters, vols. 1-4.",,,"\\$aThe Letters, vols. 1-4 by Saint Basil (1961)",,\\$aLoeb$a4 vols,,\\$aYour library,00380     2200157 i 4500
66615693,MePoLT,20250518141110.0,\\$aPA 3612x 3944 .,\\$aMePoLT$cMePoLT$erda,\4$aPA3612.B45,\4$a920,"1\$aBasil, Saint.",10$aThe Letters. Volume III..,,,\\$aThe Letters. Volume III. by Saint Basil (1962),,\\$aLoeb$aDUP$aREMOVE,,\\$aYour library,00408     2200169 i 4500
66615810,MePoLT,20250518141110.0,\\$a0674991036,\\$aMePoLT$cMePoLT$erda,\4$aLOEB-PA 3948 .C4 1919,\4$a239.1,"1\$aAlexandria, Clement of.",10$aClement of Alexandria: The Exhortation to the Greeks. The Rich Man's Salvation. To the Newly Baptized (fragment) (Loeb Classical Library).,"\1$bLoeb Classical Library,$c1919.",\\$a432  p.,\\$aClement of Alexandria: The Exhortation to the Greeks. The Rich Man's Salvation. To the Newly Baptized (fragment) (Loeb Classical Library) by Clement of Alexandria (1919),,\\$aLoeb,,\\$aYour library,00720     2200193 i 4500
66615834,MePoLT,20250518141110.0,,\\$aMePoLT$cMePoLT$erda,\4$aPA 3612 .L6 1916,\4$a883.01,,00$aLoeb Classical Library: Daphnis & Chloe and the Love Romances of Parthenius and other Fragments.,"\1$bHeinemann,$c1916.",,\\$aLoeb Classical Library: Daphnis & Chloe and the Love Romances of Parthenius and other Fragments (1916),,\\$aLoeb$aCHECK,,\\$aYour library,00510     2200157 i 4500
66615930,MePoLT,20250518141110.0,\\$a0434992992,\\$aMePoLT$cMePoLT$erda,\4$aLOEB-PA 3949 .A2 v.4 1936,\4$a885.01,1\$aDemosthenes.,10$aPrivate Orations: XXVII-XL (Loeb Classical Library).,"\1$bWilliam Heinemann Ltd,$c1935.",\\$a608  p.,\\$aPrivate Orations: XXVII-XL (Loeb Classical Library) by Demosthenes (1935),,\\$aLoeb,,\\$aYour library,00531     2200193 i 4500
66615938,MePoLT,20250518141110.0,\\$a0674993306,\\$aMePoLT$cMePoLT$erda,\4$aLOEB-PA 3949 .A2 v.3 1935,\4$a885.01,1\$aDemosthenes.,10$aDemosthenes: Against Meidias. Against Androtion. Against Aristocrates. Against Timocrates. Against Aristogeiton 1 and 2 (21-26). (Loeb Classical Library No. 299) (v. 3).,"\1$bLoeb Classical Library,$c1935.",\\$a608  p.,\\$aDemosthenes: Against Meidias. Against Androtion. Against Aristocrates. Against Timocrates. Against Aristogeiton 1 and 2 (21-26). (Loeb Classical Library No. 299) (v. 3) by Demosthenes (1935),,\\$aLoeb,,\\$aYour library,00766     2200193 i 4500
66615952,MePoLT,20250518141110.0,,\\$aMePoLT$cMePoLT$erda,\4$aLOEB-PA 3949 .A2 v.6 1939,\4$a885.01,"1\$aMurray, A. T.",10$aDemosthenes VI Private Orations L-LVIII in Neaeram LIX (Loeb Classical Library).,"\1$bHarvard University Press,$c1956.",,\\$aDemosthenes VI Private Orations L-LVIII in Neaeram LIX (Loeb Classical Library) by A. T. Murray (1956),,\\$aLoeb$a2 copies,,\\$aYour library,00551     2200169 i 4500
69267402,MePoLT,20250518141110.0,\\$a2226036164,\\$aMePoLT$cMePoLT$erda,\4$aDC 138 .M67 1989,\4$a944.04,"1\$aMoss&eacute;, Claude.",10$aL'Antiquit&eacute; dans la R&eacute;volution fran&ccedil;aise.,"\1$bAlbin Michel,$c1989.",\\$a169  p.,\\$aL'Antiquit&eacute; dans la R&eacute;volution fran&ccedil;aise by Claude Moss&eacute; (1989),,,,\\$aYour library,00481     2200181 i 4500
69267733,MePoLT,20250518141111.0,,\\$aMePoLT$cMePoLT$erda,\4$aDC 62 .F54 1992,\4$a936.4,"1\$aDrinkwater, J. F. (Edt)/ Elton, Hugh (Ed.",10$aFifth-Century Gaul.,"\1$bCambridge Univ Pr 01/1//1992,$c1992.",,"\\$aFifth-Century Gaul by J. F. (Edt)/ Elton Drinkwater, Hugh (Ed (1992)",,,,\\$aYour library,00446     2200157 i 4500
69267846,MePoLT,20250518141111.0,,\\$aMePoLT$cMePoLT$erda,\4$aPA 3892 .A2 F65 1951,\4$a128.1,1\$aAristotle.,10$aDe anima: in the version of William of Moerbeke and the commentary of St. Thomas Aquinas.,,\\$a504  p.,\\$aDe anima: in the version of William of Moerbeke and the commentary of St. Thomas Aquinas by Aristotle (1951),,,,\\$aYour library,00501     2200157 i 4500
69267873,MePoLT,20250518141111.0,\\$a3598778120,\\$aMePoLT$cMePoLT$erda,\4$aNA 5551 .S2 L56 2004,\4$a271.1,"1\$aLinscheid-Burdich, Susanne.",10$aSuger Von Saint-Denis. Untersuchungen zu seinen Schriften. Ordinatio - De consecratione - De administratione..,"\1$bK.G. Saur (An Impint of Walter de Gruyter),$c2004.",\\$a268  p.,\\$aSuger Von Saint-Denis. Untersuchungen zu seinen Schriften. Ordinatio - De consecratione - De administratione. by Susanne Linscheid-Burdich (2004),\\$aBeitr&auml;ge zur Altertumskunde 200.,,,\\$aYour library,00720     2200193 i 4500
69267950,MePoLT,20250518141111.0,\\$a9004056238,\\$aMePoLT$cMePoLT$erda,\4$aPA 3892 .G6 A2 1956,,1\$aAverro&euml;s.,10$aCommentarium medium in Aristotelis De generatione et corruptione libros. / Rencensuit Franciscus Howard Fobes adiuvante Samuele Kurland.,,,\\$aCommentarium medium in Aristotelis De generatione et corruptione libros. / Rencensuit Franciscus Howard Fobes adiuvante Samuele Kurland by Averro&euml;s (1956),,,,\\$aYour library,00583     2200145 i 4500
69268100,MePoLT,20250518141111.0,,\\$aMePoLT$cMePoLT$erda,\4$aPA 3892 .A2 A2 1953,\4$a128,1\$aAverro&euml;s.,10$aCommentarium magnum in Aristotelis De anima libros.,,\\$axxiv; 592  p.,\\$aCommentarium magnum in Aristotelis De anima libros by Averro&euml;s (1953),,,,\\$aYour library,00428     2200157 i 4500
69268119,MePoLT,20250518141111.0,,\\$aMePoLT$cMePoLT$erda,\4$aBS 1965 .A7 1966,\4$a225.48,"1\$aTestament, Greek New.","10$aThe Greek New Testament Edited by Kurt Aland, Matthew Black, Bruce M. Metzger, Allen Wikgren.","\1$bAmerican Bible Society / British & Foreign Bible Society,$c1966.",,"\\$aThe Greek New Testament Edited by Kurt Aland, Matthew Black, Bruce M. Metzger, Allen Wikgren by Greek New Testament (1966)","\\$aThis book has an introduction in a separate volume, which does not have a call-number.  It is a little red  staple-bound paperback.",,,\\$aYour library,00732     2200169 i 4500
69268135,MePoLT,20250518141111.0,\\$a019814508X,\\$aMePoLT$cMePoLT$erda,\4$aPA 3892 .A2 1956,\4$a128,1\$aAristotle.,10$aAristotelis De anima.,,\\$aix; 110  p.,\\$aAristotelis De anima by Aristotle (1956),,,,\\$aYour library,00390     2200169 i 4500
69268515,MePoLT,20250518141111.0,,\\$aMePoLT$cMePoLT$erda,\4$aDE 25 .B555 1914,,"1\$aBesnier, M.",10$aLexique de ge&#769;ographie ancienne.,"\1$aParis $b C. Klincksieck, 1914.",\\$axx; 893  p.,\\$aLexique de ge&#769;ographie ancienne by M. Besnier (1914),,,,\\$aYour library,00416     2200157 i 4500
69268517,MePoLT,20250518141111.0,\\$a0198145071,\\$aMePoLT$cMePoLT$erda,\4$aPA 3891 .C4 1949,\4$a809,1\$aAristotle.,10$aAristotelis categoriae et liber de interpretatione.,,\\$a96  p.,\\$aAristotelis categoriae et liber de interpretatione by Aristotle (1949),,,,\\$aYour library,00445     2200169 i 4500
69268552,MePoLT,20250518141111.0,\\$a0500202443,\\$aMePoLT$cMePoLT$erda,\4$aNK 4649 .B625 1988,\4$a738.3/82/09385,"1\$aBoardman, John.","10$aAthenian red figure vases, the classical period : a handbook.","\1$aNew York, N.Y. $b Thames and Hudson, c1989.",\\$a252  p.,"\\$aAthenian red figure vases, the classical period : a handbook by John Boardman (1989)",,,,\\$aYour library,00548     2200181 i 4500
69268559,MePoLT,20250518141111.0,,\\$aMePoLT$cMePoLT$erda,\4$aDE 25 .K9 1956,,"1\$aKirsten, Ernst; Kraiker, Wilhelm.",10$aGriechenlandkunde : ein Fu&#776;hrer zu klassischen Sta&#776;tten.,"\1$aHeidelberg $b Winter, 19XX",,"\\$aGriechenlandkunde : ein Fu&#776;hrer zu klassischen Sta&#776;tten by Ernst; Kraiker Kirsten, Wilhelm (1956)",,,,\\$aYour library,00475     2200145 i 4500
69268709,MePoLT,20250518141111.0,\\$a019814797X,\\$aMePoLT$cMePoLT$erda,\4$aNK 4648 .T37 1992,\4$a738.3/82/0938,"1\$aTaplin, Oliver.",10$aComic angels : and other approaches to Greek drama through vase-paintings.,"\1$aOxford : New York $b Clarendon Press ; Oxford University Press, 1992.",\\$axii; 129  p.,\\$aComic angels : and other approaches to Greek drama through vase-paintings by Oliver Taplin (1992),,,,\\$aYour library,00603     2200181 i 4500
69268930,MePoLT,20250518141111.0,\\$a0564021199,\\$aMePoLT$cMePoLT$erda,\4$aBS 1975 .W52 1979,\4$a225.47,1\$aJerome.,10$aNew Testament. Latin (Vulgate) New Testament. Ed. J. Wordsworth and H. J. White.,,,\\$aNew Testament. Latin (Vulgate) New Testament. Ed. J. Wordsworth and H. J. White by Jerome (?),,\\$amissing,,\\$aYour library,00499     2200169 i 4500
69268934,MePoLT,20250518141111.0,,\\$aMePoLT$cMePoLT$erda,\4$aNK 4645 .S32 1964,,"1\$aSchefold, Karl.",10$aFr&uuml;hgriechische Sagenbilder.,,\\$a109  p.,\\$aFr&uuml;hgriechische Sagenbilder by Karl Schefold (1964),,,,\\$aYour library,00373     2200145 i 4500
69268980,MePoLT,20250518141112.0,\\$a1149252650,\\$aMePoLT$cMePoLT$erda,\4$aPA 3892 .M2 1846,,1\$aAristotle.,"10$aAristotelis De Melisso, Xenophane Et Gorgia Disputationes, Cum Eleaticorum Philosophorum Fragmentis Et Ocelli Lucani, Qui Fertur, De Universi Natura Libello ... Est F.G.a. Mullachius (Latin Edition).",,\\$a252  p.,"\\$aAristotelis De Melisso, Xenophane Et Gorgia Disputationes, Cum Eleaticorum Philosophorum Fragmentis Et Ocelli Lucani, Qui Fertur, De Universi Natura Libello ... Est F.G.a. Mullachius (Latin Edition) by Aristotle (1846)",,,,\\$aYour library,00722     2200157 i 4500
69269343,MePoLT,20250518141112.0,,\\$aMePoLT$cMePoLT$erda,\4$aNK 4645 .B9 1925,\4$a738.3,"1\$aBuschor, Ernst.",10$aGriechische Vasen Malerei.,,\\$a293  p.,\\$aGriechische Vasen Malerei by Ernst Buschor (1925),,,,\\$aYour library,00380     2200157 i 4500
69269354,MePoLT,20250518141112.0,\\$a0198149565,\\$aMePoLT$cMePoLT$erda,\4$aPA 4004 .A84 2007,\4$a938,"1\$aAsheri, David.",10$aA Commentary on Herodotus Books I-IV.,,\\$a800  p.,\\$aA Commentary on Herodotus Books I-IV by David Asheri (2007),,,,\\$aYour library,00426     2200169 i 4500
69269362,MePoLT,20250518141112.0,\\$a0674511735,\\$aMePoLT$cMePoLT$erda,\4$aDE 5 .L29 1999,\4$a938.003,"1\$aBowersock, G. W.",10$aLate Antiquity: A Guide to the Postclassical World (Harvard University Press Reference Library).,"\1$bBelknap Press of Harvard University Press,$c1999.",\\$a802  p.,\\$aLate Antiquity: A Guide to the Postclassical World (Harvard University Press Reference Library) by G. W. Bowersock (1999),,,,\\$aYour library,00616     2200181 i 4500
69269393,MePoLT,20250518141112.0,,\\$aMePoLT$cMePoLT$erda,\4$aBS 2104 .V63 1928,,"1\$aVogels, Heinrich Joseph.",10$aVulgatastudien; die Evangelien der vulgata untersucht auf ihre lateinische und griechische Vorlage.,,\\$aiv; 345  p.,\\$aVulgatastudien; die Evangelien der vulgata untersucht auf ihre lateinische und griechische Vorlage by Heinrich Joseph Vogels (1928),,,,\\$aYour library,00527     2200145 i 4500
69269426,MePoLT,20250518141112.0,\\$a0198145063,\\$aMePoLT$cMePoLT$erda,\4$aPA 3893 .P6 1920,\4$a809,1\$aAristotle.,10$aAtheniensium Respublica (Oxford Classical Texts).,,\\$a88  p.,\\$aAtheniensium Respublica (Oxford Classical Texts) by Aristotle (1920),,,,\\$aYour library,00441     2200169 i 4500
69269468,MePoLT,20250518141112.0,,\\$aMePoLT$cMePoLT$erda,\4$aPA 3893 .P5 1965,\4$a808.2,1\$aAristotle.,10$aDe Arte Poetica.,,,\\$aDe Arte Poetica by Aristotle (1965),,,,\\$aYour library,00327     2200145 i 4500
69269513,MePoLT,20250518141112.0,,\\$aMePoLT$cMePoLT$erda,\4$aND 1495 .S9 R37 1970,,"1\$aReinhold, Meyer.",10$aHistory of purple as a status symbol in antiquity (Collection Latomus).,"\1$bLatomus, r. Colonel Chaltin 60;,$c1970.",,\\$aHistory of purple as a status symbol in antiquity (Collection Latomus) by Meyer Reinhold (1970),,,,\\$aYour library,00486     2200145 i 4500
69269515,MePoLT,20250518141112.0,,\\$aMePoLT$cMePoLT$erda,\4$aPA 3966 .A2 1885 v.1,,1\$aDionysius of Halicarnassus.,"10$aDionysius Halicarnasei Antiquitatum Romanarum quae supersunt, vol. 1.","\1$aStuttgart$b Teubner, 1885",,"\\$aDionysius Halicarnasei Antiquitatum Romanarum quae supersunt, vol. 1 by Dionysius of Halicarnassus (1885)",\\$aA supplementary volume (same call number) is also present.,\\$a7 vols,,\\$aYour library,00589     2200169 i 4500
69269547,MePoLT,20250518141112.0,,\\$aMePoLT$cMePoLT$erda,\4$aND 130 .E8 S823 1963,\4$a759,"1\$aStenico, Arturo.",10$aRoman and Etruscan Painting (Compass History of Art series).,"\1$bViking,$c1963.",,\\$aRoman and Etruscan Painting (Compass History of Art series) by Arturo Stenico (1963),,,,\\$aYour library,00459     2200157 i 4500
69269579,MePoLT,20250518141112.0,,\\$aMePoLT$cMePoLT$erda,\4$aPA 4004 .I4 1966,\4$a888.01,"1\$aImmerwahr, Henry R.",10$aForm and Thought in Herodotus.,,,\\$aForm and Thought in Herodotus by Henry R. Immerwahr (1966),,,,\\$aYour library,00374     2200145 i 4500
69269601,MePoLT,20250518141114.0,,\\$aMePoLT$cMePoLT$erda,\4$aPA 3892 .A2 1907,\4$a128,1\$aAristotle.,10$aDe anima.,,\\$alxxxiii; 626  p.,\\$aDe anima by Aristotle (1907),,,,\\$aYour library,00344     2200157 i 4500
69269607,MePoLT,20250518141114.0,\\$a9004094016,\\$aMePoLT$cMePoLT$erda,\4$aBS 2395 .T385 1991,\4$a225.6/01,"1\$aHartin, P. J.",10$aText and interpretation : new approaches in the criticism of the New Testament.,"\1$aLeiden ; New York $b E.J. Brill, 1991.",\\$aviii; 326  p.,\\$aText and interpretation : new approaches in the criticism of the New Testament by P. J. Hartin (1991),,,,\\$aYour library,00576     2200181 i 4500
69269608,MePoLT,20250518141114.0,\\$a0674389859,\\$aMePoLT$cMePoLT$erda,\4$aPA 4004 .L1 1984,\4$a937,"1\$aLang, Mabel.",10$aHerodotean Narrative and Discourse.,,\\$a192  p.,\\$aHerodotean Narrative and Discourse by Mabel Lang (1984),,,,\\$aYour library,00417     2200169 i 4500
69269644,MePoLT,20250518141114.0,\\$a0520073029,\\$aMePoLT$cMePoLT$erda,\4$aPA 3966 .A5 G22 1991,\4$a937,"1\$aGabba, Emilio.",10$aDionysius and The History of Archaic Rome (Sather Classical Lectures).,,\\$a271  p.,\\$aDionysius and The History of Archaic Rome (Sather Classical Lectures) by Emilio Gabba (1991),,,,\\$aYour library,00495     2200169 i 4500
69269691,MePoLT,20250518141115.0,,\\$aMePoLT$cMePoLT$erda,\4$aPA 4004 .M18 1965,,"1\$aMarg, Marg.",10$aHerodot: Eine Auswahl aus der Neueren Forschung.,,,\\$aHerodot: Eine Auswahl aus der Neueren Forschung by Marg Marg (1965),,,,\\$aYour library,00371     2200133 i 4500
69269717,MePoLT,20250518141115.0,,\\$aMePoLT$cMePoLT$erda,\4$aPA 4004 .P30 1987,\4$a880,"1\$aPeradotto, John.","10$aHerodotus and the Invention of History: Arethusa, Volume 20, Numbers 1 and 2.","\1$bArethusa; SUNY Buffalo,$c1987.",,"\\$aHerodotus and the Invention of History: Arethusa, Volume 20, Numbers 1 and 2 by John Peradotto (1987)",,\\$amissing,,\\$aYour library,00530     2200169 i 4500
69269744,MePoLT,20250518141115.0,\\$a0674715659,\\$aMePoLT$cMePoLT$erda,\4$aBF 1768 .P67 1994,\4$a133.32480937,"1\$aPotter, David.",10$aProphets and Emperors: Human and Divine Authority from Augustus to Theodosius (Revealing Antiquity).,"\1$bHarvard University Press,$c1994.",\\$a296  p.,\\$aProphets and Emperors: Human and Divine Authority from Augustus to Theodosius (Revealing Antiquity) by David Potter (1994),,,,\\$aYour library,00610     2200181 i 4500
69269752,MePoLT,20250518141115.0,,\\$aMePoLT$cMePoLT$erda,\4$aPA 3892 .C5 1936,\4$a113,1\$aAristotle.,10$aAristotelis De caelo: libri quattuor.,,\\$axii  p.,\\$aAristotelis De caelo: libri quattuor by Aristotle (1936),,,,\\$aYour library,00391     2200157 i 4500
69269756,MePoLT,20250518141115.0,,\\$aMePoLT$cMePoLT$erda,\4$aDE 8 .F52 1975,\4$a907.2,"1\$aFinley, Moses I.",10$aUse & Abuse of History.,"\1$bTRAFALGAR SQUARE  ,$c1987.",,\\$aUse & Abuse of History by Moses I. Finley (1975),,,,\\$aYour library,00394     2200157 i 4500
69269768,MePoLT,20250518141115.0,\\$a0199220735,\\$aMePoLT$cMePoLT$erda,\4$aBL 1790 .B7 1994,\4$a292.08,"1\$aBremmer, Jan N.",10$aGreek Religion (New Surveys in the Classics No. 24).,"\1$aOxford University Press (2006), Edition$b 1, Paperback, 132 pages,$c2006.",\\$a132  p.,\\$aGreek Religion (New Surveys in the Classics No. 24) by Jan N. Bremmer (2006),,,,\\$aYour library,00551     2200181 i 4500
69269793,MePoLT,20250518141115.0,\\$a9050634575,\\$aMePoLT$cMePoLT$erda,\4$aPA 4007 .D55 1995,\4$a938.007202,"1\$aDik, Helma.",10$aWord Order in Ancient Greek: A Pragmatic Account of Word Order Variation in Herodotus.,,\\$a304  p.,\\$aWord Order in Ancient Greek: A Pragmatic Account of Word Order Variation in Herodotus by Helma Dik (1995),,,,\\$aYour library,00525     2200169 i 4500
69269797,MePoLT,20250518141115.0,\\$a0631156240,\\$aMePoLT$cMePoLT$erda,\4$aBL 1790 .B82 1985,\4$a200,"1\$aBurkert, Walter.",10$aGreek Religion: Archaic and Classical (Ancient World).,"\1$bWiley-Blackwell,$c1991.",\\$a504  p.,\\$aGreek Religion: Archaic and Classical (Ancient World) by Walter Burkert (1991),,,,\\$aYour library,00504     2200181 i 4500
69269837,MePoLT,20250518141115.0,,\\$aMePoLT$cMePoLT$erda,\4$aBS 2555 .944 1927,,1\$aPernot; Hubert.,10$aEtudes sur la langue des &eacute;vangiles.,,,\\$aEtudes sur la langue des &eacute;vangiles by Pernot; Hubert (1927),,,,\\$aYour library,00356     2200133 i 4500
69269843,MePoLT,20250518141115.0,\\$a1597405345,\\$aMePoLT$cMePoLT$erda,\4$aDE 8 .F55 1986,\4$a938,"1\$aFinley, Moses I.",10$aAncient History: Evidence and Models.,,\\$a142  p.,\\$aAncient History: Evidence and Models by Moses I. Finley (1986),,,,\\$aYour library,00428     2200169 i 4500
69269861,MePoLT,20250518141115.0,\\$a0691092583,\\$aMePoLT$cMePoLT$erda,\4$aBH 81 .H35 2002,\4$a111.85,"1\$aHalliwell, Stephen.",10$aThe Aesthetics of Mimesis: Ancient Texts and Modern Problems.,"\1$bPrinceton University Press,$c2002.",\\$a440  p.,\\$aThe Aesthetics of Mimesis: Ancient Texts and Modern Problems by Stephen Halliwell (2002),,,,\\$aYour library,00536     2200181 i 4500
69269867,MePoLT,20250518141115.0,\\$a3110036347,\\$aMePoLT$cMePoLT$erda,\4$aPA 4007 .F9 Z3 1971,\4$a888.1,"1\$aFehling, Detlev.",10$aDie Quellenangaben Bei Herodot: Studien Zur Erzahlkunst Herodots.,,\\$a198  p.,\\$aDie Quellenangaben Bei Herodot: Studien Zur Erzahlkunst Herodots by Detlev Fehling (1971),,,,\\$aYour library,00490     2200169 i 4500
69269889,MePoLT,20250518141115.0,\\$a0691035032,\\$aMePoLT$cMePoLT$erda,\4$aBK 100 .P7 1969,\4$a220,"1\$aPritchard, James B.",10$aAncient Near Eastern Texts Relating to the Old Testament with Supplement.,"\1$aPrinceton University Press (1969), Edition$b 3, Hardcover, 735 pages,$c1969.",\\$a735  p.,\\$aAncient Near Eastern Texts Relating to the Old Testament with Supplement by James B. Pritchard (1969),,,,\\$aYour library,00600     2200181 i 4500
69269899,MePoLT,20250518141116.0,,\\$aMePoLT$cMePoLT$erda,\4$aPA 4007 .Z5 A 1960,\4$a938.03,"1\$aPowell, J. Enoch.",10$aA Lexicon to Herodotus.,,,\\$aA Lexicon to Herodotus by J. Enoch Powell (1960),,,,\\$aYour library,00357     2200145 i 4500
69269915,MePoLT,20250518141116.0,\\$a0520062264,\\$aMePoLT$cMePoLT$erda,\4$aPA 3968 .D62 Z78 1988,\4$a884.01,"1\$aMacCoull, Leslie S. B.",10$aDioscorus of Aphrodito: His Work and His World.,"\1$bUniversity of California Press,$c1989.",\\$a225  p.,\\$aDioscorus of Aphrodito: His Work and His World by Leslie S. B. MacCoull (1989),,,,\\$aYour library,00525     2200181 i 4500
69269923,MePoLT,20250518141116.0,\\$a0500201986,\\$aMePoLT$cMePoLT$erda,\4$aNB 90 .B63 1985,\4$a733.3,"1\$aBoardman, John.","10$aGreek Sculpture: The Classical Period, a Handbook (World of Art).","\1$bThames & Hudson,$c1985.",\\$a252  p.,"\\$aGreek Sculpture: The Classical Period, a Handbook (World of Art) by John Boardman (1985)",,,,\\$aYour library,00524     2200181 i 4500
69269946,MePoLT,20250518141116.0,\\$a0718104811,\\$aMePoLT$cMePoLT$erda,\4$aNB 85 .H24 1967,\4$a733,"1\$aHanfmann, George M A.",10$aClassical Sculpture (Hist. of W. Sculpture S).,"\1$aM Joseph (1967), Edition$b 1St Edition, Hardcover, 352 pages,$c1967.",\\$a352  p.,\\$aClassical Sculpture (Hist. of W. Sculpture S) by George M A Hanfmann (1967),,,,\\$aYour library,00541     2200181 i 4500
69269954,MePoLT,20250518141116.0,,\\$aMePoLT$cMePoLT$erda,\4$aDE 8 .F67 1983,\4$a949.5,"1\$aFornara, Charles William.",10$aNature of History in Ancient Greece and Rome.,"\1$bCalifornia,$c1983.",,\\$aNature of History in Ancient Greece and Rome by Charles William Fornara (1983),,,,\\$aYour library,00447     2200157 i 4500
69269966,MePoLT,20250518141116.0,,\\$aMePoLT$cMePoLT$erda,\4$aPA 3893 .E6 1894 (copy 2),\4$a171.3,1\$aAristotle.,10$aAristotelis Ethica Nicomachea.,,\\$a264  p.,\\$aAristotelis Ethica Nicomachea by Aristotle (1894),,,,\\$aYour library,00388     2200157 i 4500
69269972,MePoLT,20250518141116.0,\\$a9004097678,\\$aMePoLT$cMePoLT$erda,\4$aBS 2585.6 .L3 .L36 1993,\4$a226.306,"1\$aElliott, J. K.",10$aThe Language and Style of the Gospel of Mark (Supplements to Novum Testamentum).,"\1$bBrill Academic Publishers,$c1993.",\\$a254  p.,\\$aThe Language and Style of the Gospel of Mark (Supplements to Novum Testamentum) by J. K. Elliott (1993),,,,\\$aYour library,00573     2200181 i 4500
69269995,MePoLT,20250518141116.0,,\\$aMePoLT$cMePoLT$erda,\4$aDE 8 .M73 1966,\4$a907.2,"1\$aMomigliano, A.D.",10$aStudies in Historiography.,"\1$aHarper (1966), Edition$b 1st THUS, Paperback,$c1966.",,\\$aStudies in Historiography by A.D. Momigliano (1966),,,,\\$aYour library,00426     2200157 i 4500
69270007,MePoLT,20250518141116.0,,\\$aMePoLT$cMePoLT$erda,\4$aBL 1550 .B58 1938 ,,"1\$aBidez, Joseph.","10$aLes Mages Hellenises: Zoroastre Ostanes Et Hystaspe D&#039;apres La Tradition Grecque, Tome I Et Ii (2 Volumes).","\1$bSociete d&#039;Edition Les Belles Lettres,$c1973.",,"\\$aLes Mages Hellenises: Zoroastre Ostanes Et Hystaspe D&#039;apres La Tradition Grecque, Tome I Et Ii (2 Volumes) by Joseph Bidez (1973)",,\\$a2 vols,,\\$aYour library,00595     2200157 i 4500
69270040,MePoLT,20250518141116.0,,\\$aMePoLT$cMePoLT$erda,\4$aBL 1585 .C91 1956,\4$a295,"1\$aCumont, Franz.",10$aThe Mysteries of Mithra translated from the French.,"\1$aDover (1956), Edition$b paper edition, Paperback,$c1956.",,\\$aThe Mysteries of Mithra translated from the French by Franz Cumont (1956),,,,\\$aYour library,00476     2200157 i 4500
69270059,MePoLT,20250518141116.0,\\$a0521772230,\\$aMePoLT$cMePoLT$erda,\4$aPA 2061 .F395 2001,\4$a470,"1\$aFarrell, Joseph.",10$aLatin language and Latin culture : from ancient to modern times.,"\1$aCambridge ; New York $b Cambridge University Press, 2001.",\\$axiv; 148  p.,\\$aLatin language and Latin culture : from ancient to modern times by Joseph Farrell (2001),,,,\\$aYour library,00564     2200181 i 4500
69270065,MePoLT,20250518141116.0,\\$a3598776969,\\$aMePoLT$cMePoLT$erda,\4$aPA 3968 .E8 K47 2001,\4$a882.01,"1\$aKerkhof, Rainer.","10$aDorische Posse, Epicharm und Attische Kom&ouml;die (BZA 147) (Beitrage Zur Altertumskunde) (German Edition).",,\\$a194  p.,"\\$aDorische Posse, Epicharm und Attische Kom&ouml;die (BZA 147) (Beitrage Zur Altertumskunde) (German Edition) by Rainer Kerkhof (2001)",,,,\\$aYour library,00570     2200169 i 4500
69270080,MePoLT,20250518141116.0,\\$a3519076314,\\$aMePoLT$cMePoLT$erda,\4$aBL 2443 .B6 1996,\4$a299.31,"1\$aBricault, Laurent.","10$aMyrionymi: Les epicleses grecques et latines d&#039;Isis, de Sarapis et d&#039;Anubis (Beitrage zur Altertumskunde) (French Edition).","\1$bTeubner,$c1996.",\\$a136  p.,"\\$aMyrionymi: Les epicleses grecques et latines d&#039;Isis, de Sarapis et d&#039;Anubis (Beitrage zur Altertumskunde) (French Edition) by Laurent Bricault (1996)",,,,\\$aYour library,00660     2200181 i 4500
69270099,MePoLT,20250518141116.0,\\$a0801406331,\\$aMePoLT$cMePoLT$erda,\4$aBL 2456 .I7 W83 ,\4$a299.31,"1\$aWitt, R E.",10$aIsis in the Graeco-Roman World (Aspects of Greek and Roman Life).,"\1$bCornell University Press,$c1971.",\\$a336  p.,\\$aIsis in the Graeco-Roman World (Aspects of Greek and Roman Life) by R E Witt (1971),,,,\\$aYour library,00525     2200181 i 4500
69270103,MePoLT,20250518141116.0,\\$a3525257325,\\$aMePoLT$cMePoLT$erda,\4$aPA 2069 .H36 1976,\4$a475,"1\$aHapp, Heinz.",10$aGrundfragen einer Dependenz-Grammatik des Lateinischen.,"\1$aG&ouml;ttingen $b Vandenhoeck & Ruprecht, 1976.",\\$a597  p.,\\$aGrundfragen einer Dependenz-Grammatik des Lateinischen by Heinz Happ (1976),,,,\\$aYour library,00522     2200181 i 4500
69270123,MePoLT,20250518141116.0,,\\$aMePoLT$cMePoLT$erda,\4$aPA 2071 .A7 A25,\4$a930,"1\$aLindsay, W. M.","10$aLindsay's Latin Inscriptions: A Handbook of Latin inscriptions, illustrating the history of the language.",,\\$av; 134  p.,"\\$aLindsay's Latin Inscriptions: A Handbook of Latin inscriptions, illustrating the history of the language by W. M. Lindsay (1897)",,,,\\$aYour library,00537     2200157 i 4500
69270140,MePoLT,20250518141117.0,,\\$aMePoLT$cMePoLT$erda,\4$aPA 2071 .B47 1907,,"1\$aBennett, Charles E.","10$aThe Latin language; a historical outline of its sounds, inflections, and syntax.",,\\$axiv; 258  p.,"\\$aThe Latin language; a historical outline of its sounds, inflections, and syntax by Charles E. Bennett (1907)",,,,\\$aYour library,00481     2200145 i 4500
69270149,MePoLT,20250518141117.0,,\\$aMePoLT$cMePoLT$erda,\4$aPA 2071 .K40 1945,\4$a471.5,"1\$aKent, Roland G.","10$aThe sounds of Latin, a descriptive and historical phonology.",,\\$a220  p.,"\\$aThe sounds of Latin, a descriptive and historical phonology by Roland G. Kent (1945)",,,,\\$aYour library,00450     2200157 i 4500
69270163,MePoLT,20250518141117.0,,\\$aMePoLT$cMePoLT$erda,\4$aPA 3912 .G85 1931,\4$a171,"1\$aGriffin, Arthur Kent.",10$aAristotle's psychology of conduct.,,,"\\$aAristotle's psychology of conduct, by Arthur Kent Griffin (1931)",,,,\\$aYour library,00384     2200145 i 4500
69270172,MePoLT,20250518141117.0,,\\$aMePoLT$cMePoLT$erda,\4$aPA 2071 .L6 1894,\4$a475,"1\$aLindsay, Wallace M.","10$aThe Latin language; an historical account of Latin sounds, stems and flexions.",\1$aOxford $b Clarendon Press 1894.,\\$axxviii; 659  p.,"\\$aThe Latin language; an historical account of Latin sounds, stems and flexions by Wallace M. Lindsay (1894)",,,,\\$aYour library,00547     2200169 i 4500
69270182,MePoLT,20250518141117.0,,\\$aMePoLT$cMePoLT$erda,\4$aPA 2071 .P174 la 1954,\4$a470.9,"1\$aPalmer, Leonard Robert.",10$aThe Latin language.,,\\$a372  p.,\\$aThe Latin language by Leonard Robert Palmer (1954),,,,\\$aYour library,00387     2200157 i 4500
69270196,MePoLT,20250518141117.0,,\\$aMePoLT$cMePoLT$erda,\4$aDE 8 .H5,,"1\$aLatte, Kurt Et Al.",10$aHistoire Et Historiens Dans L'Antiquit&eacute;. Sept Expos&eacute;s Et Discussions. Entretiens sur l'Antiquit&eacute; Classique Tome IV..,"\1$bVandeuvres,$c1956.",,\\$aHistoire Et Historiens Dans L'Antiquit&eacute;. Sept Expos&eacute;s Et Discussions by Kurt Et Al Latte (1956),,,,\\$aYour library,00505     2200145 i 4500
69270204,MePoLT,20250518141117.0,,\\$aMePoLT$cMePoLT$erda,\4$aPA 2071 .S6 1902,\4$a475,"1\$aSommer, Ferdinand.",10$aHandbuch der lateinischen Laut- und Formenlehre: eine Einf&uuml;hrung in das Sprachwissenschaftliche Studium des Lateins.,,\\$axxiii; 693  p.,\\$aHandbuch der lateinischen Laut- und Formenlehre: eine Einf&uuml;hrung in das Sprachwissenschaftliche Studium des Lateins by Ferdinand Sommer (1902),,,,\\$aYour library,00573     2200157 i 4500
69270241,MePoLT,20250518141117.0,\\$a0199245568,\\$aMePoLT$cMePoLT$erda,\4$aPA 3969 .L66 2002,\4$a188,"1\$aLong, A. A.",10$aEpictetus : a Stoic and Socratic guide to life.,,\\$axiv; 310  p.,\\$aEpictetus : a Stoic and Socratic guide to life by A. A. Long (2002),,,,\\$aYour library,00446     2200169 i 4500
69270269,MePoLT,20250518141117.0,\\$a8870625354,\\$aMePoLT$cMePoLT$erda,\4$aDG 101 .S241 1983,\4$a394.120937,"1\$aRicotti, Eugenia Salza Prina.",10$aL'Arte del Convito nella Roma Antica: Con 90 Ricette.,"\1$aRome$b L'Erma di Bretschneider, 1983.",\\$a313  p.,\\$aL'arte del convito nella Roma antica: Con 90 ricette (Studia archaeologica) (Italian Edition) by Eugenia Salza Prina Ricotti (1983),,,,\\$aYour library,00590     2200181 i 4500
69270286,MePoLT,20250518141117.0,,\\$aMePoLT$cMePoLT$erda,\4$aPA 3969 .Z9 1927,,"1\$aOldfather, W.A.",10$aContributions toward a Bibliography of Epictetus.,,,\\$aContributions toward a Bibliography of Epictetus by W.A Oldfather (1927),,,,\\$aYour library,00380     2200133 i 4500
69270302,MePoLT,20250518141117.0,,\\$aMePoLT$cMePoLT$erda,\4$aPA 4008 .H2 1928,\4$a882.01,1\$aHerondas.,10$aMimes.,,,\\$aMimes by Herondas (1928),,,,\\$aYour library,00306     2200145 i 4500
69270329,MePoLT,20250518141117.0,,\\$aMePoLT$cMePoLT$erda,\4$aPA 2087 .H24 1945,\4$a420,"1\$aHenle, Robert John.",10$aLatin grammar for high schools.,,\\$aix; 259  p.,\\$aLatin grammar for high schools by Robert John Henle (1945),,\\$amissing,,\\$aYour library,00425     2200169 i 4500
69270369,MePoLT,20250518141117.0,,\\$aMePoLT$cMePoLT$erda,\4$aPA 4008 .H2 E5 1979,,1\$aHerondas.,10$aHerodas: The Mimes and Fragments.,,,\\$aHerodas: The Mimes and Fragments by Herondas (1966),,,,\\$aYour library,00340     2200133 i 4500
69270409,MePoLT,20250518141117.0,\\$a0801411629,\\$aMePoLT$cMePoLT$erda,\4$aPA 3915.4 .S67 1980,\4$a123/.7092,"1\$aSorabji, Richard.","10$aNecessity, cause, and blame: perspectives on Aristotle's theory.",,\\$axv; 326  p.,"\\$aNecessity, cause, and blame : perspectives on Aristotle's theory by Richard Sorabji (1980)",,,,\\$aYour library,00499     2200169 i 4500
69270427,MePoLT,20250518141117.0,,\\$aMePoLT$cMePoLT$erda,\4$aPA 2087 .A682 1912,\4$a808.0471,"1\$aArnold, Thomas Kerchever.",10$aA practical introduction to Latin prose composition.,"\1$aLondon $b Longman, Green, and Co., 1912.",\\$a406  p.,\\$aA practical introduction to Latin prose composition by Thomas Kerchever Arnold (1912),,,,\\$aYour library,00514     2200169 i 4500
69270461,MePoLT,20250518141118.0,,\\$aMePoLT$cMePoLT$erda,\4$aDE 59 .C59 2000,\4$a937.6,"1\$aConnolly, Peter; Dodge, Hazel.",10$aThe Ancient City: Life in Classical Athens & Rome --1998 publication..,"\1$bOUP,1998,$c1998.",,"\\$aThe Ancient City: Life in Classical Athens & Rome --1998 publication. by Peter; Dodge Connolly, Hazel (1998)",,,,\\$aYour library,00506     2200157 i 4500
69270516,MePoLT,20250518141119.0,,\\$aMePoLT$cMePoLT$erda,\4$aPA 2087 .A682 1960,\4$a808.0471,"1\$aArnold, Thomas Kerchever.","10$a'Bradley's Arnold', Latin prose composition.","\1$aNew York/London$b Longman, 1960",\\$axi; 443  p.,"\\$a'Bradley's Arnold', Latin prose composition by Thomas Kerchever Arnold (1938)",,,,\\$aYour library,00493     2200169 i 4500
69270529,MePoLT,20250518141119.0,\\$a0520010035,\\$aMePoLT$cMePoLT$erda,\4$aPA 3040. P46 1967,\4$a880.09,"1\$aPerry, Ben Edwin.",10$aAncient Romances: A Literary-Historical Account of Their Origins (Sather Classical Lectures No. 37).,"\1$aUniv of California Pr (1967), Edition$b First edition., Hardcover, 418 pages,$c1967.",\\$a418  p.,\\$aAncient Romances: A Literary-Historical Account of Their Origins (Sather Classical Lectures No. 37) by Ben Edwin Perry (1967),,\\$amissing,,\\$aYour library,00686     2200193 i 4500
69270542,MePoLT,20250518141119.0,,\\$aMePoLT$cMePoLT$erda,\4$aDG 103 .T76 1971,\4$a393.0937,"1\$aToynbee, J. M. C.",10$aDeath and Burial in the Roman World.,"\1$aIthaca$b Cornell University Press, 1971.",,\\$aDeath and Burial in the Roman World by J. M. C. Toynbee (1971),,,,\\$aYour library,00441     2200157 i 4500
69270550,MePoLT,20250518141119.0,\\$a0686224906,\\$aMePoLT$cMePoLT$erda,\4$aPA 3922 .R31 1971,\4$a001.5,"1\$aRosenfield, Lawrence W.",10$aAristotle and Information Theory: A Comparison of the Influence of Casual Assumptions on Two Theories of Communication.,,,\\$aAristotle and Information Theory: A Comparison of the Influence of Casual Assumptions on Two Theories of Communication by Lawrence W. Rosenfield (1971),,,,\\$aYour library,00587     2200157 i 4500
69270601,MePoLT,20250518141119.0,\\$a0521041783,\\$aMePoLT$cMePoLT$erda,\4$aPA 4008 .H57 1988,\4$a180,1\$aHerophilus.,10$aHerophilus: The Art of Medicine in Early Alexandria.,,\\$a712  p.,"\\$aHerophilus: The Art of Medicine in Early Alexandria: Edition, Translation and Essays by  Heinrich von Staden",,,,\\$aYour library,00487     2200169 i 4500
69270623,MePoLT,20250518141119.0,,\\$aMePoLT$cMePoLT$erda,\4$aPA 3970 .E2 1813,,1\$aEpicurus.,10$aPhysica et Meteorologica.,,,\\$aPhysica et Meteorologica by Epicurus (1813),,,,\\$aYour library,00321     2200133 i 4500
69270649,MePoLT,20250518141120.0,,\\$aMePoLT$cMePoLT$erda,\4$aDG 107 .D5 1980,,"1\$aD'Arms, J. H.",10$aThe Seaborne Commerce of Ancient Rome: Studies in Archaeology and History.,"\1$aRome$b American Academy in Rome, 1980.",,\\$aMemoirs of the American Academy in Rome Volume XXXVI The Seaborne Commerce of Ancient Rome: Studies in Archaeology and History by J. H. D'Arms (1980),,,,\\$aYour library,00534     2200145 i 4500
69270676,MePoLT,20250518141120.0,,\\$aMePoLT$cMePoLT$erda,\4$aPA 3970 .E2 1887,\4$a187,1\$aEpicurus.,10$aEpicurea.,,\\$alxxviii; 445  p.,\\$aEpicurea by Epicurus (1966),,,,\\$aYour library,00342     2200157 i 4500
69270683,MePoLT,20250518141120.0,\\$a0801846196,\\$aMePoLT$cMePoLT$erda,\4$aPA 3040 .S4 1994,\4$a883.0109,"1\$aTatum, Professor James.",10$aThe Search for the Ancient Novel.,,\\$a480  p.,\\$aThe Search for the Ancient Novel by Professor James Tatum (1993),,,,\\$aYour library,00440     2200169 i 4500
69270735,MePoLT,20250518141120.0,,\\$aMePoLT$cMePoLT$erda,\4$aPA 3040 .T17 1990,,"1\$aTatum, James; Vernazza, Gail M.",10$aThe Ancient Novel: Classical Paradigms and Modern Perspectives.,,,"\\$aThe Ancient Novel: Classical Paradigms and Modern Perspectives by James; Vernazza Tatum, Gail M. (1990)",,,,\\$aYour library,00442     2200133 i 4500
69270744,MePoLT,20250518141120.0,,\\$aMePoLT$cMePoLT$erda,\4$aNB 91 .A7 B86 1908,,"1\$aSmith, Cecil.",10$aA guide to the Sculptures of the parthenon in the British Museum.,"\1$bLondon British Museum,$c1908.",,\\$aA guide to the Sculptures of the parthenon in the British Museum by Cecil Smith (1908),,,,\\$aYour library,00456     2200145 i 4500
69270773,MePoLT,20250518141120.0,\\$a3598778074,\\$aMePoLT$cMePoLT$erda,\4$aDE 60 .B78x 2003,\4$a880.9,"1\$aLohse, Gerhard.",10$aAktualisierung von Antike und Epochenbewusstsein: Erstes Bruno Snell-Symposion der Universit&auml;t Hamburg am Europa-Kolleg (BZA 195) (Beitrage Zur Altertumskunde).,"\1$bK.G. Saur (An Impint of Walter de Gruyter),$c2003.",\\$a428  p.,\\$aAktualisierung von Antike und Epochenbewusstsein: Erstes Bruno Snell-Symposion der Universit&auml;t Hamburg am Europa-Kolleg (BZA 195) (Beitrage Zur Altertumskunde) by Gerhard Lohse (2003),,,,\\$aYour library,00744     2200181 i 4500
69270797,MePoLT,20250518141120.0,\\$a0900768886,\\$aMePoLT$cMePoLT$erda,\4$aPA 3923 .G18 1971,\4$a801,"1\$aGulley, Norman.",10$aAristotle on the Purposes of Literature.,,\\$a18  p.,\\$aAristotle on the Purposes of Literature by Norman Gulley (1971),,,,\\$aYour library,00433     2200169 i 4500
69270808,MePoLT,20250518141120.0,,\\$aMePoLT$cMePoLT$erda,\4$aPA 3970 .E2 1928,,1\$aEpicurus.,10$aEpicuri et Epicureorum scripta: in Herculanensibus papyris servata.,,\\$aXVIII; 159  p.,\\$aEpicuri et Epicureorum scripta: in Herculanensibus papyris servata by Epicurus (1928),,,,\\$aYour library,00436     2200145 i 4500
69270813,MePoLT,20250518141120.0,\\$a3110128330,\\$aMePoLT$cMePoLT$erda,\4$aPA 4244 .M27 1995,\4$a930,1\$aMaximus of Tyre.,10$aMaximus Tyrius. Philosophumena.,"\1$aBerlin$b De Gruyter, 1995",\\$a527  p.,\\$aMaximus Tyrius. Philosophumena by Maximus of Tyre (1995),,,,\\$aYour library,00461     2200181 i 4500
69270833,MePoLT,20250518141120.0,,\\$aMePoLT$cMePoLT$erda,\4$aBS 2900 .B4 1934,,"1\$aBonner, Campbell.","10$aA papyrus codex of the Shepherd of Hermas (Similitudes 2-9), with a fragment of the Mandates.",,\\$axi; 137  p.,"\\$aA papyrus codex of the Shepherd of Hermas (Similitudes 2-9), with a fragment of the Mandates by Campbell Bonner (1934)",,,,\\$aYour library,00500     2200145 i 4500
69270849,MePoLT,20250518141120.0,,\\$aMePoLT$cMePoLT$erda,\4$aDG 107 .F7 1959 V.5,\4$a330.937,"1\$aFrank, Tenney.","10$aAn Economic Survey of Ancient Rome, Vol. V, Rome and Italy of the Empire.","\1$aPaterson, NJ$b Pageant Books, 1959.",,"\\$aAn Economic Survey of Ancient Rome, Vol. V, Rome and Italy of the Empire by Tenney Frank (1959)",,,,\\$aYour library,00505     2200157 i 4500
69270879,MePoLT,20250518141120.0,\\$a0520048032,\\$aMePoLT$cMePoLT$erda,\4$aDG 107 .G12,\4$a382.093,"1\$aGarnsey, Peter.",10$aTrade in the Ancient Economy.,"\1$aBerkeley/Los Angeles$b University of California Press, 1983.",\\$a255  p.,\\$aTrade in the Ancient Economy by Peter Garnsey (1983),,,,\\$aYour library,00487     2200181 i 4500
69270887,MePoLT,20250518141120.0,,\\$aMePoLT$cMePoLT$erda,\4$aPA 3923 .P57 1952,,"1\$aPlebe, Armando.",10$aLa teoria del comico da Aristotele a Plutarco.,"\1$bTorino, Publicazioni della facolt&agrave; di Lettere e Filosofia,$cUniversit&agrave; di Torino.",\\$a132  p.,\\$aLa teoria del comico da Aristotele a Plutarco by Armando Plebe (1952),,,,\\$aYour library,00499     2200157 i 4500
69270893,MePoLT,20250518141120.0,,\\$aMePoLT$cMePoLT$erda,\4$aPA 3970 .E2 B3 1926,,1\$aEpicurus.,"10$aEpicurus, the Extant Remains.",,,"\\$aEpicurus, the Extant Remains by Epicurus (1926)",,,,\\$aYour library,00332     2200133 i 4500
69270918,MePoLT,20250518141121.0,,\\$aMePoLT$cMePoLT$erda,\4$aBS 2900 .S1 1935,\4$a227,"1\$aSanders, Henry A.",10$aA third-century papyrus codex of the Epistles of Paul.,,\\$axii; 127  p.,\\$aA third-century papyrus codex of the Epistles of Paul by Henry A. Sanders (1935),,,,\\$aYour library,00444     2200157 i 4500
69270931,MePoLT,20250518141121.0,,\\$aMePoLT$cMePoLT$erda,\4$aDE 71 .E5 1965,\4$a913.38,"1\$aEhrenberg, Victor.",10$aSociety and civilization in Greece and Rome.,"\1$aCambridge, Mass : London $b Harvard University Press for Oberlin College ; Oxford University Press, 1965.",,\\$aSociety and civilization in Greece and Rome by Victor Ehrenberg (1965),,,,\\$aYour library,00519     2200157 i 4500
69270934,MePoLT,20250518141121.0,,\\$aMePoLT$cMePoLT$erda,\4$aPA 3970 .E65 1918,,1\$aErotianus.,10$aErotiani vocum Hippocraticarum collectio: cum fragmentis.,,\\$axxxii; 155  p.,\\$aErotiani vocum Hippocraticarum collectio: cum fragmentis by Erotianus (1918),,\\$aphotocopy,,\\$aYour library,00445     2200157 i 4500
69270940,MePoLT,20250518141121.0,\\$a1887829482,\\$aMePoLT$cMePoLT$erda,\4$aDG 11 .J86 #48,\4$a478.0071,"1\$aCooley, Alison E.","10$aBecoming Roman, Writing Latin? Literacy and Epigraphy in the Roman West (Journal of Roman Archaeology Supplementary Series, No. 48).","\1$bJournal of Roman Archaeology,$c2002.",\\$a192  p.,"\\$aBecoming Roman, Writing Latin? Literacy and Epigraphy in the Roman West (Journal of Roman Archaeology Supplementary Series, No. 48) by Alison E. Cooley (2002)",,\\$amissing,,\\$aYour library,00702     2200193 i 4500
69270968,MePoLT,20250518141121.0,,\\$aMePoLT$cMePoLT$erda,\4$aPA 4009 .O7 1932,\4$a881.01,1\$aHesiod.,10$aWorks and Days.,,,\\$aWorks and Days by Hesiod (1932),,,,\\$aYour library,00320     2200145 i 4500
69270982,MePoLT,20250518141121.0,\\$a9519529543,\\$aMePoLT$cMePoLT$erda,\4$aBL 610 .B53 1996,\4$a292.2,"1\$aPakkanen, Petra.",10$aInterpreting early Hellenistic religion: A study based on the mystery cult of Demeter and the cult of Isis (Papers and monographs of the Finnish Institute at Athens).,"\1$bSuomen Ateenan-instituutin saatio,$c1996.",\\$a175  p.,\\$aInterpreting early Hellenistic religion: A study based on the mystery cult of Demeter and the cult of Isis (Papers and monographs of the Finnish Institute at Athens) by Petra Pakkanen (1996),,,,\\$aYour library,00747     2200181 i 4500
69270990,MePoLT,20250518141121.0,,\\$aMePoLT$cMePoLT$erda,\4$aPA 3926 .Z8 B6 1955,\4$a185,"1\$aBonitz, Hermann.",10$aIndex Aristotelicus.,,,\\$aIndex Aristotelicus by Hermann Bonitz (1955),,,,\\$aYour library,00347     2200145 i 4500
69270994,MePoLT,20250518141121.0,,\\$aMePoLT$cMePoLT$erda,\4$aPA 2087 .H7 B2 1966,\4$a478.242,"1\$aHale, William Gardner.",10$aA Latin grammar.,,\\$axi; 388  p.,\\$aA Latin grammar by William Gardner Hale (1966),,,,\\$aYour library,00383     2200157 i 4500
69271028,MePoLT,20250518141121.0,,\\$aMePoLT$cMePoLT$erda,\4$aPA 3971 .A2 1883,\4$a516,1\$aEuclid.,10$aEuclidis Elementa I-IV.,,,\\$aEuclidis Elementa I-IV by Euclid (1883),,,,\\$aYour library,00333     2200145 i 4500
69271035,MePoLT,20250518141121.0,\\$a0674033876,\\$aMePoLT$cMePoLT$erda,\4$aBL 610 .B87 1987,\4$a200,"1\$aBurkert, Walter.",10$aAncient Mystery Cults (Carl Newell Jackson Lectures).,"\1$bHarvard University Press,$c1989.",\\$a181  p.,\\$aAncient Mystery Cults (Carl Newell Jackson Lectures) by Walter Burkert (1989),,,,\\$aYour library,00510     2200181 i 4500
69271074,MePoLT,20250518141121.0,\\$a0521837499,\\$aMePoLT$cMePoLT$erda,\4$aAE 2 .I833 I75 2006,\4$a032,"1\$aIsidore, of Seville.",10$aThe etymologies of Isidore of Seville.,"\1$aCambridge ; New York $b Cambridge University Press, 2006.",\\$axii; 475  p.,\\$aThe etymologies of Isidore of Seville by of Seville Isidore (2006),,,,\\$aYour library,00521     2200181 i 4500
69271088,MePoLT,20250518141121.0,,\\$aMePoLT$cMePoLT$erda,\4$aDE 86 .F52 1968,\4$a913.3/8/03,"1\$aFinley, Moses I.",10$aAspects of antiquity : discoveries and controversies.,"\1$aLondon $b Chatto & Windus, 1968",\\$ax; 228  p.,\\$aAspects of antiquity : discoveries and controversies by Moses I. Finley (1968),,,,\\$aYour library,00492     2200169 i 4500
69271099,MePoLT,20250518141121.0,\\$a0195086708,\\$aMePoLT$cMePoLT$erda,\4$aBL 625.7 .K73 1992,\4$a820,"1\$aKraemer, Ross Shepard.","10$aHer Share of the Blessings: Women's Religions among Pagans, Jews, and Christians in the Greco-Roman World.","\1$bOxford University Press, USA,$c1994.",\\$a288  p.,"\\$aHer Share of the Blessings: Women's Religions among Pagans, Jews, and Christians in the Greco-Roman World by Ross Shepard Kraemer (1994)",,,,\\$aYour library,00634     2200181 i 4500
69271112,MePoLT,20250518141121.0,\\$a3-11-009780-X,\\$aMePoLT$cMePoLT$erda,\4$aPA 3927.2 .B341 1985 v.1,\4$a185,"1\$aWiesner, Jurgen.",10$aAristoteles Werk und Wirking.,,,\\$aAristoteles Werk und Wirking by Jurgen Wiesner (1985),,,,\\$aYour library,00400     2200157 i 4500
69271119,MePoLT,20250518141121.0,,\\$aMePoLT$cMePoLT$erda,\4$aPA 3051 .E10 1985 v. 1,\4$a808,"1\$aEasterling, Patricia Elizabeth.","10$aThe Cambridge History of Classical Literature: Volume 1, Greek Literature.",,,"\\$aThe Cambridge History of Classical Literature: Volume 1, Greek Literature",,,,\\$aYour library,00448     2200145 i 4500
69271147,MePoLT,20250518141121.0,,\\$aMePoLT$cMePoLT$erda,\4$aNA 310 .B88 1961,\4$a722.7,"1\$aBrown, F.E.",10$aRoman Architecture.,,,\\$aRoman Architecture by F.E. Brown (1961),,,,\\$aYour library,00335     2200145 i 4500
69271166,MePoLT,20250518141121.0,,\\$aMePoLT$cMePoLT$erda,\4$aNA 310 .B67 1960,\4$a722.7,"1\$aBoethius, Axel.",10$aThe Golden House of Nero: Some Aspects of Roman Architecture.,"\1$bUniv of Michigan Pr, Ann Arbor,$c1960.",,\\$aThe Golden House of Nero: Some Aspects of Roman Architecture by Axel Boethius (1960),,,,\\$aYour library,00481     2200157 i 4500
69271178,MePoLT,20250518141122.0,,\\$aMePoLT$cMePoLT$erda,\4$aPA 3052 .N38 1966,\4$a880.9,"1\$aNorth, Helen.",10$aSophrosyne: Self-Knowledge and Self-Restraint in Greek Literature.,,,\\$aSophrosyne: Self-Knowledge and Self-Restraint in Greek Literature by Helen North (1966),,,,\\$aYour library,00433     2200145 i 4500
69271205,MePoLT,20250518141122.0,\\$a3851192303,\\$aMePoLT$cMePoLT$erda,\4$aBL 715 .H94 1969,\4$a292.1,"1\$aHunger, Herbert.","10$aLexikon der griechischen und romischen Mythologie: Mit Hinweisen auf das Fortwirken antiker Stoffe und Motive in der bildenden Kunst, Literatur und Musik ... bis zur Gegenwart (German Edition).","\1$aHollinek (1988), Edition$b 8., erw. Aufl, Hardcover, 557 pages,$c1988.",\\$a557  p.,"\\$aLexikon der griechischen und romischen Mythologie: Mit Hinweisen auf das Fortwirken antiker Stoffe und Motive in der bildenden Kunst, Literatur und Musik ... bis zur Gegenwart (German Edition) by Herbert Hunger (1988)",,,,\\$aYour library,00830     2200181 i 4500
69271206,MePoLT,20250518141122.0,\\$a8772889489,\\$aMePoLT$cMePoLT$erda,\4$aDE 86 .I43 2002,\4$a930,"1\$aHojte, Jakob Munk.",10$aImages of Ancestors (Aarhus Studies in Mediterranean Antiquity).,"\1$bAarhus University Press,$c2002.",\\$a308  p.,\\$aImages of Ancestors (Aarhus Studies in Mediterranean Antiquity) by Jakob Munk Hojte (2002),,,,\\$aYour library,00534     2200181 i 4500
69271207,MePoLT,20250518141122.0,,\\$aMePoLT$cMePoLT$erda,\4$aPA 3893 .E6 S85 1892,\4$a185,"1\$aStewart, John Alexander.","10$aNotes on the Nicomachean ethics of Aristotle, vol. 1.",,,"\\$aNotes on the Nicomachean ethics of Aristotle, vol. 1 by John Alexander Stewart (1892)",,\\$a2 vols,,\\$aYour library,00453     2200157 i 4500
69271221,MePoLT,20250518141122.0,\\$a9004074651,\\$aMePoLT$cMePoLT$erda,\4$aPA 4009 .O7 V472 1985,\4$a881/.01,"1\$aVerdenius, Willem J.","10$aA commentary on Hesiod Works and days, vv 1 - 382.",,\\$aX; 190  p.,"\\$aA commentary on Hesiod Works and days, vv 1 - 382 by Willem J. Verdenius (1985)",,,,\\$aYour library,00476     2200169 i 4500
69271226,MePoLT,20250518141122.0,,\\$aMePoLT$cMePoLT$erda,\4$aPA 2087 .M27,\4$a475,"1\$aMadvig, Iohan Nikolai.",10$aA Latin grammar for the use of schools.,,,\\$aA Latin grammar for the use of schools by Iohan Nikolai Madvig (1849),,,,\\$aYour library,00390     2200145 i 4500
69271235,MePoLT,20250518141122.0,\\$a087817267X,\\$aMePoLT$cMePoLT$erda,\4$aNA 280 .T78 1971,\4$a913.38,"1\$aTravlos, John.",10$aPictorial Dictionary of Ancient Athens.,"\1$bHacker Art Books,$c1980.",\\$a606  p.,\\$aPictorial Dictionary of Ancient Athens by John Travlos (1980),,,,\\$aYour library,00473     2200181 i 4500
69271262,MePoLT,20250518141122.0,\\$a0198140053,\\$aMePoLT$cMePoLT$erda,\4$aPA 4009 .O7 W80 1978,\4$a881.01,1\$aHesiod.,10$aWorks and Days (Oxford University Press academic monograph reprints).,,\\$a414  p.,\\$aWorks and Days (Oxford University Press academic monograph reprints) by Hesiod (1978),,\\$amissing,,\\$aYour library,00507     2200181 i 4500
69271272,MePoLT,20250518141122.0,,\\$aMePoLT$cMePoLT$erda,\4$aPA 3052 .P88 1929,\4$a880.9,"1\$aPowell, Jonathan U.; Barber, Eric Arthur.","10$aNew Chapters in the History of Greek Literature. Second Series. Some recent discoveries in Greek poetry and prose, chiefly of the fourth century B.C. and later times..",,,"\\$aNew Chapters in the History of Greek Literature. Second Series. Some recent discoveries in Greek poetry and prose, chiefly of the fourth century B.C. and later times. by Jonathan U.; Barber Powell, Eric Arthur (1929)",,,,\\$aYour library,00691     2200145 i 4500
69271286,MePoLT,20250518141122.0,\\$a0520069668,\\$aMePoLT$cMePoLT$erda,\4$aDG 124 .M331 1981,\4$a937.06,"1\$aMacCormack, Sabine G.",10$aArt and Ceremony in Late Antiquity.,"\1$aBerkeley/Los Angeles/London$b University of California Press, 1981.",\\$a450  p.,\\$aArt and Ceremony in Late Antiquity by Sabine G. MacCormack (1981),,,,\\$aYour library,00524     2200181 i 4500
69271296,MePoLT,20250518141122.0,,\\$aMePoLT$cMePoLT$erda,\4$aNA 280 .C7 1986,\4$a938.5,"1\$aCamp, John M.","10$aThe Athenian Agora - Excavations In The Heart Of Classical Athens, with 200 illustrations, 11 in color.","\1$bThames & Hudson, Ltd.,$c1986.",,"\\$aThe Athenian Agora - Excavations In The Heart Of Classical Athens, with 200 illustrations, 11 in color by John M. Camp (1986)",,,,\\$aYour library,00552     2200157 i 4500
69271315,MePoLT,20250518141122.0,,\\$aMePoLT$cMePoLT$erda,\4$aPA 3052 .R796 1956,\4$a880.9,"1\$aRose, Herbert.",10$aA Handbook of Greek Literature: From Homer to the Age of Lucian.,,,\\$aA Handbook of Greek Literature: From Homer to the Age of Lucian by Herbert Rose (1956),,,,\\$aYour library,00432     2200145 i 4500
69271327,MePoLT,20250518141122.0,\\$a3598776853,\\$aMePoLT$cMePoLT$erda,\4$aNA 277 .W45 2001,\4$a880.9,"1\$aWeiler, Gabriele.",10$aDomos theiou basileos : Herrschaftsformen und Herrschaftsarchitektur in den Siedlungen der Dark Ages.,"\1$aMu&#776;nchen $b K.G. Saur, 2001.",\\$a175  p.,\\$aDomos theiou basileos : Herrschaftsformen und Herrschaftsarchitektur in den Siedlungen der Dark Ages by Gabriele Weiler (2001),,,,\\$aYour library,00607     2200181 i 4500
69271343,MePoLT,20250518141122.0,\\$a0745627927,\\$aMePoLT$cMePoLT$erda,\4$aPA 3052 .W48 2004,\4$a880.9001,"1\$aWhitmarsh, Tim.",10$aAncient Greek Literature (PCHL-Polity Cultural History of Literature).,,\\$a296  p.,\\$aAncient Greek Literature (PCHL-Polity Cultural History of Literature) by Tim Whitmarsh (2004),,,,\\$aYour library,00499     2200169 i 4500
69271354,MePoLT,20250518141124.0,,\\$aMePoLT$cMePoLT$erda,\4$aPA 4245 .A2 1908,,1\$aMenander.,10$aMenandri Quator Fabularum Fragmenta.,\1$aLeiden: A. W. Sijthoff$b 1908,,\\$aMenandri Quator Fabularum Fragmenta by Menander (1908),,,,\\$aYour library,00389     2200145 i 4500
69271362,MePoLT,20250518141124.0,\\$a052131268X,\\$aMePoLT$cMePoLT$erda,\4$aDG 124 .P53 1984,\4$a939.2,"1\$aPrice, S. R. F.",10$aRituals and Power: The Roman Imperial Cult in Asia Minor.,"\1$aCambridge, UK/ London/New York/New Rochelle/Melbourne/Sydney$b Cambridge University Press, 1984.",\\$a320  p.,\\$aRituals and Power: The Roman Imperial Cult in Asia Minor by S. R. F. Price (1984),,,,\\$aYour library,00583     2200181 i 4500
69271371,MePoLT,20250518141125.0,,\\$aMePoLT$cMePoLT$erda,\4$aPA 3973 .A2 1870 v.1,,1\$aEuripides.,"10$aEuripidis Tragoediae, vol. 1.",,,"\\$aEuripidis Tragoediae, vol. 1 by Euripides (1870)",,\\$a3 vols,,\\$aYour library,00358     2200145 i 4500
69271384,MePoLT,20250518141125.0,\\$a3598777043,\\$aMePoLT$cMePoLT$erda,\4$aNA 2515 .W8 2001,\4$a711.40945632,"1\$aWulfram, Hartmut.",10$aLiterarische Vitruvrezeption in Leon Battista Albertis De re aedificatoria.,"\1$aM&uuml;nchen $b Saur, 2001.",\\$a441  p.,\\$aLiterarische Vitruvrezeption in Leon Battista Albertis De re aedificatoria by Hartmut Wulfram (2001),,,,\\$aYour library,00560     2200181 i 4500
69271393,MePoLT,20250518141125.0,\\$a0434990329,\\$aMePoLT$cMePoLT$erda,\4$aLOEB-PA 3947 .A2 1914 v.1,\4$a937,1\$aCassius Dio.,10$aDio's Roman History: v. 1 (Loeb Classical Library).,"\1$aWilliam Heinemann Ltd, Edition$b New Issue, Hardcover, 479 pages",\\$a479  p.,\\$aDio's Roman History: v. 1 (Loeb Classical Library) by Cassius Dio (?),,\\$aLoeb,,\\$aYour library,00558     2200193 i 4500
69271411,MePoLT,20250518141125.0,\\$a2252017465,\\$aMePoLT$cMePoLT$erda,\4$aPA 2111 .M10 1975,\4$a471/.5,"1\$aManiet, Albert.",10$aLa phone&#769;tique historique du latin dans le cadre des langues indo-europe&#769;ennes.,,\\$a212  p.,\\$aLa phone&#769;tique historique du latin dans le cadre des langues indo-europe&#769;ennes by Albert Maniet (1975),,,,\\$aYour library,00519     2200169 i 4500
69271421,MePoLT,20250518141125.0,,\\$aMePoLT$cMePoLT$erda,\4$aNA 2510 .H24 1881 v. 2.5,,"1\$aDurm, Josef.",10$aHandbuch der Architektur vol .2.5: Die Baukunst der Renaissance in Italien.,"\1$aLeipzig $b Gebhardt, 1914",\\$aX; 1014  p.,\\$aHandbuch der Architektur vol .2.5: Die Baukunst der Renaissance in Italien by Josef Durm (1914),,,,\\$aYour library,00504     2200157 i 4500
69271439,MePoLT,20250518141125.0,\\$a3533022196,\\$aMePoLT$cMePoLT$erda,\4$aPA 2113 .P35 1977,\4$a475,"1\$aSommer, Ferdinand.",10$aHandbuch der lateinischen Laut- und Formenlehre: eine Einf&uuml;hrung in das Sprachwissenschaftliche Studium des Lateins.,,,\\$aHandbuch der lateinischen Laut- und Formenlehre: eine Einf&uuml;hrung in das Sprachwissenschaftliche Studium des Lateins by Ferdinand Sommer (1977),,,,\\$aYour library,00570     2200157 i 4500
69271453,MePoLT,20250518141125.0,,\\$aMePoLT$cMePoLT$erda,\4$aDG 125 .F8 1899,\4$a394.2,"1\$aFowler, W. Warde.",10$aRoman Festivals of the Period of the Republic.,"\1$aLondon$b Macmillan Company, 1899.",,\\$aRoman Festivals of the Period of the Republic by W. Warde Fowler (1899),,,,\\$aYour library,00449     2200157 i 4500
69271460,MePoLT,20250518141125.0,\\$a0415086205,\\$aMePoLT$cMePoLT$erda,\4$aPA 3057 .D512 1994,\4$a880.9,"1\$aDihle, Albrecht.",10$aA History of Greek Literature: From Homer to the Hellenistic Period.,,\\$a344  p.,\\$aA History of Greek Literature: From Homer to the Hellenistic Period by Albrecht Dihle (1994),,,,\\$aYour library,00495     2200169 i 4500
69271465,MePoLT,20250518141125.0,,\\$aMePoLT$cMePoLT$erda,\4$aPA 4245 .A2 1921,,1\$aMenander.,10$aMenandri fabularum reliquiae.,\1$aLeiden: A. W. Sijthoff$b 1921,,\\$aMenandri fabularum reliquiae by Menander (1921),,,,\\$aYour library,00375     2200145 i 4500
69271498,MePoLT,20250518141125.0,,\\$aMePoLT$cMePoLT$erda,\4$aLOEB-PA 3947 .A2 1914 v.3,\4$a937,1\$aCassius Dio.,10$aDio's Roman History. III (Books XXXVI-XL).,"\1$bHarvard University Press (Loeb Classical Library), Cambridge, Ma.,$c1969.",,\\$aDio's Roman History. III (Books XXXVI-XL) by Dio (translated by E. Cary) (1969),,\\$aLoeb,,\\$aYour library,00517     2200169 i 4500
69271503,MePoLT,20250518141125.0,\\$a0415063671,\\$aMePoLT$cMePoLT$erda,\4$aPA 3057 .D513 1994,\4$a880.9,"1\$aDihle, Albrecht.",10$aGreek and Latin Literature of the Roman Empire: From Augustus to Justinian.,,\\$a656  p.,\\$aGreek and Latin Literature of the Roman Empire: From Augustus to Justinian by Albrecht Dihle (1994),,,,\\$aYour library,00509     2200169 i 4500
69271523,MePoLT,20250518141125.0,,\\$aMePoLT$cMePoLT$erda,\4$aPA 3893 .P5 E49 1967,\4$a888.01,1\$aAristotle.,10$aAristotle's poetics: the argument.,,\\$axvi; 670  p.,\\$aAristotle's poetics : the argument by Gerald F. Else (1967),,,,\\$aYour library,00403     2200157 i 4500
69271537,MePoLT,20250518141125.0,,\\$aMePoLT$cMePoLT$erda,\4$aPA 2115 .N5 1997,,"1\$aNiedermann, Max.",10$aPre&#769;cis de phone&#769;tique historique du latin.,,\\$a208  p.,\\$aPre&#769;cis de phone&#769;tique historique du latin by Max Niedermann (1997),,,,\\$aYour library,00398     2200145 i 4500
69271549,MePoLT,20250518141125.0,\\$a1108015484,\\$aMePoLT$cMePoLT$erda,\4$aBL 781 .F235,\4$a180,"1\$aFarnell, Lewis Richard.",10$aThe Cults of the Greek States 5 Volume Paperback Set (Cambridge Library Collection - Classics).,"\1$aCambridge University Press (2010), Edition$b Reissue, Paperback, 2503 pages,$c2010.",\\$a2503  p.,\\$aThe Cults of the Greek States 5 Volume Paperback Set (Cambridge Library Collection - Classics) by Lewis Richard Farnell (2010),,\\$a5 vols,,\\$aYour library,00679     2200193 i 4500
69271556,MePoLT,20250518141125.0,\\$a071561519X,\\$aMePoLT$cMePoLT$erda,\4$aN 8217 .E6 K551 1993,\4$a738.38209385,"1\$aKilmer, Martin F.",10$aGreek Erotica on Attic Red-Figure Vases.,"\1$bDuckworth Publishing,$c1993.",\\$a368  p.,\\$aGreek Erotica on Attic Red-Figure Vases by Martin F. Kilmer (1993),,,,\\$aYour library,00496     2200181 i 4500
69271562,MePoLT,20250518141126.0,,\\$aMePoLT$cMePoLT$erda,\4$aDE 86 .B67 2002,\4$a938.08,"1\$aBosworth, A. B.","10$aThe Legacy of Alexander : Politics, Warfare and Propaganda under the Successors.","\1$bOxford University Press, USA,$c2002.",,"\\$aThe Legacy of Alexander : Politics, Warfare and Propaganda under the Successors by A. B. Bosworth (2002)",,,,\\$aYour library,00518     2200157 i 4500
69271565,MePoLT,20250518141126.0,\\$a0801414024,\\$aMePoLT$cMePoLT$erda,\4$aDG 125 .S43 1981,\4$a394.26937,"1\$aScullard, H. H.",10$aFestivals and Ceremonies of the Roman Republic.,"\1$aIthaca/New York$b Cornell University Press, 1981.",\\$a288  p.,\\$aFestivals and Ceremonies of the Roman Republic by H. H. Scullard (1981),,,,\\$aYour library,00520     2200181 i 4500
69271617,MePoLT,20250518141131.0,,\\$aMePoLT$cMePoLT$erda,\4$aPA 3893 .M6 1958 vol.1,\4$a110,1\$aAristotle.,"10$aAristotle's metaphysics, vol. 1.",,,\\$aAristotle's metaphysics by Arist&oacute;teles (1958),,\\$a2 vols,,\\$aYour library,00381     2200157 i 4500
69271625,MePoLT,20250518141131.0,\\$a2251001239,\\$aMePoLT$cMePoLT$erda,\4$aPA 3973 .A2 1923 v.1,\4$a888,1\$aEuripides.,"10$aEuripide, vol. 1.",,,"\\$aEuripide, vol. 1 by Euripides (1923)",,\\$a5 vols,,\\$aYour library,00381     2200169 i 4500
69271654,MePoLT,20250518141131.0,\\$a0674990919,\\$aMePoLT$cMePoLT$erda,\4$aLOEB-PA 3947 .A2 1914 v.5,\4$a937,1\$aCassius Dio.,"10$aRoman History, Volume V: Books 46-50 (Loeb Classical Library).","\1$bLoeb Classical Library,$c1917.",\\$a544  p.,"\\$aRoman History, Volume V: Books 46-50 (Loeb Classical Library) by Cassius Dio (1917)",,\\$aLoeb,,\\$aYour library,00549     2200193 i 4500
69271656,MePoLT,20250518141131.0,\\$a9004043810,\\$aMePoLT$cMePoLT$erda,\4$aPA 4012 .Z8 1976,\4$a930,"1\$aMinton, William W.",10$aConcordance to the Hesiodic Corpus (Asian Studies).,"\1$aLeiden$b Brill, 1997",\\$a313  p.,\\$aConcordance to the Hesiodic Corpus (Asian Studies) by William W. Minton (1997),,,,\\$aYour library,00499     2200181 i 4500
69271688,MePoLT,20250518141132.0,\\$a0231071337,\\$aMePoLT$cMePoLT$erda,\4$aDG 13 .L4 1990 V.2,\4$a937,"1\$aLewis, Naphtali.","10$aRoman Civilization: Selected Readings, Vol. 2, The Empire.","\1$aNew York$b Columbia University Press, 1990.",\\$a674  p.,"\\$aRoman Civilization: Selected Readings, Vol. 2, The Empire by Naphtali Lewis (1990)",,,,\\$aYour library,00533     2200181 i 4500
69271701,MePoLT,20250518141132.0,\\$a0812210344,\\$aMePoLT$cMePoLT$erda,\4$aBL 781 .N5 1961,\4$a292.08,"1\$aNilsson, Martin P.",10$aGreek Folk Religion.,"\1$bUniversity of Pennsylvania Press,$c1972.",\\$a184  p.,\\$aGreek Folk Religion by Martin P. Nilsson (1972),,,,\\$aYour library,00459     2200181 i 4500
69271729,MePoLT,20250518141132.0,,\\$aMePoLT$cMePoLT$erda,\4$aPA 2117 .A4 1965,\4$a471.52,"1\$aAllen, W. Sidney.",10$aVox Latina.,,\\$a111  p.,\\$aVox Latina by W. Sidney Allen (1965),,,,\\$aYour library,00355     2200157 i 4500
69271738,MePoLT,20250518141132.0,\\$a0674991931,\\$aMePoLT$cMePoLT$erda,\4$aLOEB-PA 3947 .A2 1914 v.7,\4$a937,1\$aCassius Dio.,"10$aDio Cassius: Roman History, Volume VII, Books 56-60 (Loeb Classical Library No. 175).","\1$bLoeb Classical Library,$c1924.",\\$a464  p.,"\\$aDio Cassius: Roman History, Volume VII, Books 56-60 (Loeb Classical Library No. 175) by Cassius Dio (1924)",,\\$aLoeb,,\\$aYour library,00595     2200193 i 4500
69271751,MePoLT,20250518141132.0,\\$a0198720858,\\$aMePoLT$cMePoLT$erda,\4$aPA 3893 .M6 A5 1976,\4$a110,1\$aAristotle.,10$aAristotle's Metaphysics: Books M and N.,,\\$a227  p.,\\$aAristotle's Metaphysics : Books M and N by Aristotle. (1976),,,,\\$aYour library,00427     2200169 i 4500
69271753,MePoLT,20250518141132.0,\\$a3-598-71242-1,\\$aMePoLT$cMePoLT$erda,\4$aPA 3934 .A72 2002 v.2,\4$a930,1\$aArrian.,10$aArrianus: Vol. 2: Scripta minora et fragmenta (Bibliotheca scriptorum Graecorum et Romanorum Teubneriana).,,\\$a417  p.,\\$aArrianus: Vol. 2: Scripta minora et fragmenta (Bibliotheca scriptorum Graecorum et Romanorum Teubneriana) by Arrian (2002),,,,\\$aYour library,00558     2200169 i 4500
69271771,MePoLT,20250518141132.0,,\\$aMePoLT$cMePoLT$erda,\4$aDG 16 .H768 1900,,"1\$aHomo, L&eacute;on.",10$aLexique de Topographie Romaine..,"\1$aParis$b C. Klincksieck, 1900.",,\\$aLexique de Topographie Romaine. by L&Eacute;ON. HOMO (1900),,,,\\$aYour library,00387     2200145 i 4500
69271776,MePoLT,20250518141132.0,,\\$aMePoLT$cMePoLT$erda,\4$aPA 2137 .E20 1954,,"1\$aErnout, Alfred.",10$aAspects du vocabulaire latin.,,\\$a238  p.,\\$aAspects du vocabulaire latin by Alfred Ernout (1945),,,,\\$aYour library,00365     2200145 i 4500
69271795,MePoLT,20250518141132.0,,\\$aMePoLT$cMePoLT$erda,\4$aPA 3973 .A5 1954,\4$a882.01,1\$aEuripides.,10$aAlcestis.,,,\\$aAlcestis by Euripides (1954),,,,\\$aYour library,00314     2200145 i 4500
69271812,MePoLT,20250518141132.0,,\\$aMePoLT$cMePoLT$erda,\4$aPA 4245 .A3 1910,\4$a882.01,1\$aMenander.,10$aFour Plays of Menander.,"\1$aBosotn$b Ginn and Company, 1910",,\\$aFour Plays of Menander by Menander (1910),,,,\\$aYour library,00388     2200157 i 4500
69271818,MePoLT,20250518141132.0,\\$a3598778252,\\$aMePoLT$cMePoLT$erda,\4$aB 113 .M84 2004,\4$a180,"1\$aMueller-Goldingen, Christian.",10$aDas Kleine und das Grosse: Essays zur antiken Kultur und Geistesgeschichte [BzA 213].,,\\$a162  p.,\\$aDas Kleine und das Grosse: Essays zur antiken Kultur und Geistesgeschichte [BzA 213] by Christian Mueller-Goldingen (2004),,,,\\$aYour library,00550     2200169 i 4500
69271827,MePoLT,20250518141132.0,\\$a0198147406,\\$aMePoLT$cMePoLT$erda,\4$aBL 782 .F69 2000,\4$a888.010808015,"1\$aFowler, Robert L.",10$aEarly Greek Mythography: Volume 1: Text and Introduction (Vol 1).,"\1$bOxford University Press, USA,$c2001.",\\$a512  p.,\\$aEarly Greek Mythography: Volume 1: Text and Introduction (Vol 1) by Robert L. Fowler (2001),,,,\\$aYour library,00551     2200181 i 4500
69271845,MePoLT,20250518141132.0,\\$a9783110209167,\\$aMePoLT$cMePoLT$erda,\4$aDF 14 .U66 2009,\4$a938,"1\$aUngern-Sternberg, J&uuml;rgen von.",10$aGriechische Studien.,,,\\$aGriechische Studien by J&uuml;rgen von Ungern-Sternberg (2009),,,,\\$aYour library,00401     2200157 i 4500
69271862,MePoLT,20250518141132.0,,\\$aMePoLT$cMePoLT$erda,\4$aDG 190 .S3 S17,\4$a937.7,"1\$aSalmon, E.T.",10$aSamnium and the Samnites.,"\1$aCambridge, UK$b Cambridge University Press, 1967.",,\\$aSamnium and the Samnites by E.T. Salmon (1967),,,,\\$aYour library,00413     2200157 i 4500
69271864,MePoLT,20250518141133.0,,\\$aMePoLT$cMePoLT$erda,\4$aPA 3975 .A5 G1 1980,\4$a882.01,1\$aEuripides.,10$aAlcestis.,,\\$axix; 46  p.,\\$aAlcestis by Euripides (1980),,,,\\$aYour library,00345     2200157 i 4500
69271879,MePoLT,20250518141133.0,\\$a3598778333,\\$aMePoLT$cMePoLT$erda,\4$aB 168 .B35 2005,\4$a180,"1\$aBaltes, Matthias.",10$aEpinoemata: Kleine Schriften zur antiken Philosophie und homerischen Dichtung (BZA 221).,"\1$bK.G. Saur (An Impint of Walter de Gruyter),$c2005.",\\$a329  p.,\\$aEpinoemata: Kleine Schriften zur antiken Philosophie und homerischen Dichtung (BZA 221) by Matthias Baltes (2005),,,,\\$aYour library,00599     2200181 i 4500
69271906,MePoLT,20250518141133.0,,\\$aMePoLT$cMePoLT$erda,\4$aPA 3975 .A5 D20 1961,\4$a882.01,1\$aEuripides.,10$aAlcestis.,,\\$axl; 130  p.,\\$aAlcestis by Euripides (1961),,,,\\$aYour library,00346     2200157 i 4500
69271913,MePoLT,20250518141133.0,,\\$aMePoLT$cMePoLT$erda,\4$aLOEB-PA 3965 .D2 1932 v.1,\4$a180,1\$aDio Chrysostom.,10$aDio Chrysostom I: Discourses I - XI (Loeb Classical Library).,"\1$bHarvard Univ. Press, Wm. Heinemann Ltd,$c1932.",,\\$aDio Chrysostom I: Discourses I - XI (Loeb Classical Library) by Dio Chrysostom (1932),,\\$aLoeb,,\\$aYour library,00518     2200169 i 4500
69271928,MePoLT,20250518141133.0,,\\$aMePoLT$cMePoLT$erda,\4$aPA 3081 .C853 E3 1931,\4$a881.01093232,"1\$aCouat, Auguste.","10$aAlexandrian poetry under the first three Ptolemies, 324-222 B.C.",,,"\\$aAlexandrian poetry under the first three Ptolemies, 324-222 B.C by Auguste Couat (1931)",,,,\\$aYour library,00444     2200145 i 4500
69271929,MePoLT,20250518141133.0,,\\$aMePoLT$cMePoLT$erda,\4$aPA 3935 .A3 1871,,1\$aArrian.,10$aArrian's Anabasis.,,,\\$aArrian's Anabasis: 1. Heft 2. Heft by K. Arrian. Abicht (1871),,,,\\$aYour library,00331     2200133 i 4500
69271938,MePoLT,20250518141133.0,\\$a019814377X,\\$aMePoLT$cMePoLT$erda,\4$aB 171 .D63 1985,\4$a180,"1\$aDodds, E. R.",10$aThe Ancient Concept of Progress and Other Essays on Greek Literature and Belief.,"\1$bOxford University Press, USA,$c1986.",\\$a226  p.,\\$aThe Ancient Concept of Progress and Other Essays on Greek Literature and Belief by E. R. Dodds (1986),,,,\\$aYour library,00560     2200181 i 4500
69271946,MePoLT,20250518141133.0,\\$a0198147376,\\$aMePoLT$cMePoLT$erda,\4$aPA 4245 .A2 1990,\4$a809,1\$aMenander.,10$aReliquiae Selectae.,"\1$aOxford$b Clarendon Press, 1990",\\$a376  p.,\\$aReliquiae Selectae by Menander (1990),,,,\\$aYour library,00427     2200181 i 4500
69271962,MePoLT,20250518141133.0,\\$a9783110201260,\\$aMePoLT$cMePoLT$erda,\4$aNB 105 .A34 A7 2009,\4$a730.938,"1\$aGall, Dorothee.",10$aLaokoon in Literatur und Kunst.,,,\\$aLaokoon in Literatur und Kunst by Dorothee Gall (2009),,,,\\$aYour library,00401     2200157 i 4500
69271969,MePoLT,20250518141133.0,,\\$aMePoLT$cMePoLT$erda,\4$aDG 202 .D33 1954,,"1\$aDegrassi, Attilio.",10$aFasti Capitolini.,"\1$aAugusta Taurinorum [u.a.] $b Paravia, 1954",\\$a191  p.,\\$aFasti Capitolini by Attilio Degrassi (1954),,\\$amissing,,\\$aYour library,00429     2200169 i 4500
69271977,MePoLT,20250518141133.0,\\$a0198721188,\\$aMePoLT$cMePoLT$erda,\4$aPA 3973 .A6 S62 1971,\4$a658,1\$aEuripides.,10$aAndromache.,,\\$a264  p.,\\$aAndromache by Euripides (1984),,,,\\$aYour library,00370     2200169 i 4500
69271992,MePoLT,20250518141133.0,\\$a0198720696,\\$aMePoLT$cMePoLT$erda,\4$aPA 3893 .P3 H7 1983,\4$a110,1\$aAristotle.,"10$aPhysics. Books 3, 4.",,\\$axlix; 226  p.,\\$aAristotle's Physics. Books 3 and 4 by Aristotle. (1983),,,,\\$aYour library,00409     2200169 i 4500
69272007,MePoLT,20250518141133.0,,\\$aMePoLT$cMePoLT$erda,\4$aPA 4245 .D9 1958,\4$a882.01,1\$aMenander.,10$aPapyrus Bodmer IV: Menandre: Le Dyscolos.,"\1$aGeneva$b Bibliotheca Bodmeriana, 1958",,\\$aPapyrus Bodmer IV: Menandre: Le Dyscolos by Menander (1958),,,,\\$aYour library,00430     2200157 i 4500
69272013,MePoLT,20250518141135.0,\\$a0521047390,\\$aMePoLT$cMePoLT$erda,\4$aBL 783 .B848 2004,\4$a808,"1\$aBetegh, G&aacute;bor.","10$aThe Derveni Papyrus: Cosmology, Theology and Interpretation.","\1$aCambridge University Press (2007), Edition$b 1, Paperback, 456 pages,$c2007.",\\$a456  p.,"\\$aThe Derveni Papyrus: Cosmology, Theology and Interpretation by G&aacute;bor Betegh (2007)",,,,\\$aYour library,00567     2200181 i 4500
69272014,MePoLT,20250518141135.0,,\\$aMePoLT$cMePoLT$erda,\4$aPA 2285 .B3 1910,\4$a475,"1\$aBennett, Charles E.","10$aSyntax of early Latin, vol. 1.",,,"\\$aSyntax of early Latin, vol. 1 by Charles E. Bennett (1910)",,\\$a2 vols,,\\$aYour library,00394     2200157 i 4500
69272032,MePoLT,20250518141135.0,,\\$aMePoLT$cMePoLT$erda,\4$aDF 30 .M97 1953,\4$a913.38,"1\$aMyres, Sir John Linton.",10$aGeographical history in Greek lands.,,\\$a381  p.,\\$aGeographical history in Greek lands by Sir John Linton Myres (1953),,,,\\$aYour library,00416     2200157 i 4500
69272034,MePoLT,20250518141135.0,\\$a3519074850,\\$aMePoLT$cMePoLT$erda,\4$aPA 3081 .M36 1993,\4$a881.0109357,"1\$aManakidou, Flora.",10$aBeschreibung von Kunstwerken in der hellenistischen Dichtung: Ein Beitrag zur hellenistischen Poetik (Beitrage zur Altertumskunde).,,\\$a298  p.,\\$aBeschreibung von Kunstwerken in der hellenistischen Dichtung: Ein Beitrag zur hellenistischen Poetik (Beitrage zur Altertumskunde) by Flora Manakidou (1993),,,,\\$aYour library,00628     2200169 i 4500
69272050,MePoLT,20250518141136.0,,\\$aMePoLT$cMePoLT$erda,\4$aPA 3935 .A3 1907,\4$a519,1\$aArrian.,10$aFlavii Arriani Anabasis Alexandri.,,,\\$aFlavii Arriani Anabasis Alexandri by Arrian (1907),,,,\\$aYour library,00355     2200145 i 4500
69272064,MePoLT,20250518141136.0,\\$a3598776519,\\$aMePoLT$cMePoLT$erda,\4$aPA 3081 .S22 1997,\4$a881.0109,"1\$aSeiler, Mark Andreas.","10$aPoiesis Poieseos: Alexandrinische Dichtung Kata Lepton in Strukturaler Und Humanethologischer Deutung. Kall. Fr. 254 - 268 C Sh, Theokr..",,\\$a263  p.,"\\$aPoiesis Poieseos: Alexandrinische Dichtung Kata Lepton in Strukturaler Und Humanethologischer Deutung. Kall. Fr. 254 - 268 C Sh, Theokr. by Mark Andreas Seiler (1997)",,,,\\$aYour library,00645     2200169 i 4500
69272072,MePoLT,20250518141136.0,,\\$aMePoLT$cMePoLT$erda,\4$aDF 30 .P74 1965,\4$a938,"1\$aPritchett, W. Kendrick.",10$aStudies in ancient Greek topography.,,,\\$aStudies in ancient Greek topography by W. Kendrick Pritchett (1985),,,,\\$aYour library,00389     2200145 i 4500
69272075,MePoLT,20250518141136.0,,\\$aMePoLT$cMePoLT$erda,\4$aPA 2285 .E7 1964,\4$a475,"1\$aErnout, Alfred; Thomas, Fran&ccedil;ois.",10$aSyntaxe latine.,,,"\\$aSyntaxe latine by Alfred; Thomas Ernout, Fran&ccedil;ois (1964 [2002])",,,,\\$aYour library,00377     2200145 i 4500
69272093,MePoLT,20250518141136.0,,\\$aMePoLT$cMePoLT$erda,\4$aPA 3081 .S93 1996,\4$a880.9,"1\$aSwain, Simon.",10$aHellenism and Empire.,,,\\$aHellenism and Empire by Simon Swain (1996),,,,\\$aYour library,00343     2200145 i 4500
69272095,MePoLT,20250518141136.0,,\\$aMePoLT$cMePoLT$erda,\4$aPA 4245 .D9 1966,,1\$aMenander.,10$aMenander's Dyscolus.,"\1$aNew York$b American Philological Assoc, 1966",,"\\$aMENANDER'S DYSCOLUS:INTRODUCTION,TEXT,TEXTUAL COMMENTARY,AND INTERPRETIVE TRANSLATION. by Warren E. Blake (1966)",,,,\\$aYour library,00446     2200145 i 4500
69272099,MePoLT,20250518141136.0,\\$a0674994140,\\$aMePoLT$cMePoLT$erda,\4$aLOEB-PA 3965 .D2 1932 v.4,\4$a180,1\$aDio Chrysostom.,10$aDio Chrysostom: Discourses 37-60 (Loeb Classical Library No. 376).,"\1$bLoeb Classical Library,$c1946.",\\$a480  p.,\\$aDio Chrysostom: Discourses 37-60 (Loeb Classical Library No. 376) by Dio Chrysostom (1946),,\\$aLoeb,,\\$aYour library,00563     2200193 i 4500
69272101,MePoLT,20250518141136.0,,\\$aMePoLT$cMePoLT$erda,\4$aPA 3973 .B2 D6 1960,\4$a882.01,1\$aEuripides.,10$aBacchae.,,\\$alix; 253  p.,\\$aBacchae by Euripides (1960),,,,\\$aYour library,00344     2200157 i 4500
69272119,MePoLT,20250518141136.0,,\\$aMePoLT$cMePoLT$erda,\4$aPA 4245 .D9 1960,\4$a882.01,1\$aMenander.,10$aDyscolus. Recensuit H. Lloyd-Jones.,"\1$aOxford$b Clarendon Press, 1960",,\\$aDyscolus. Recensuit H. Lloyd-Jones by Menander (1960),,,,\\$aYour library,00411     2200157 i 4500
69272121,MePoLT,20250518141136.0,\\$a0520096894,\\$aMePoLT$cMePoLT$erda,\4$aPA 2293 .H3 1986,\4$a475,"1\$aHabinek, Thomas N.",10$aThe colometry of Latin prose.,,\\$aix; 222  p.,\\$aThe colometry of Latin prose by Thomas N. Habinek (1986),,,,\\$aYour library,00422     2200169 i 4500
69272135,MePoLT,20250518141136.0,,\\$aMePoLT$cMePoLT$erda,\4$aPA 3893 .P2 A2 1949,,1\$aAverro&euml;s.,10$aAverrois Cordubensis Compendia librorum Aristotelis qui Parva naturalia vocantur.,,\\$axxxii; 276  p.,\\$aAverrois Cordubensis Compendia librorum Aristotelis qui Parva naturalia vocantur by Averro&euml;s (1949),,,,\\$aYour library,00469     2200145 i 4500
69272143,MePoLT,20250518141136.0,,\\$aMePoLT$cMePoLT$erda,\4$aPA 2293 .L3 1968,\4$a475,"1\$aLakoff, Robin Tolmach.",10$aAbstract syntax and Latin complementation.,,\\$axiii; 240  p.,\\$aAbstract syntax and Latin complementation by Robin Tolmach Lakoff (1968),,,,\\$aYour library,00430     2200157 i 4500
69272158,MePoLT,20250518141136.0,,\\$aMePoLT$cMePoLT$erda,\4$aDG 204 .V64 1982,\4$a929/.1/0937,"1\$aBoatwright, Mary Taliaferro.",10$aI Volusii Saturnini: Una Famiglia Romana della Prima Et&agrave; Imperiale.,"\1$aBari$b De Donato, 1982.",\\$a103  p.,\\$aI Volusii Saturnini : una famiglia romana della prima et&agrave; imperiale by Mary Taliaferro Boatwright (1982),,,,\\$aYour library,00537     2200169 i 4500
69272159,MePoLT,20250518141136.0,\\$a0856686107,\\$aMePoLT$cMePoLT$erda,\4$aPA 4245 .D913 1995,\4$a882.01,1\$aMenander.,10$aMenander: The Bad Tempered Man.,"\1$aWarminster$b Aris &amp; Phillips, 1995",\\$a192  p.,\\$aMenander: The Bad Tempered Man by Menander (1995),,,,\\$aYour library,00464     2200181 i 4500
69272168,MePoLT,20250518141136.0,,\\$aMePoLT$cMePoLT$erda,\4$aPA 2313 .B71 1938,\4$a808.0471,"1\$aArnold, Thomas Kerchever.",10$aLatin prose composition.,"\1$aNew York/London$b Longman, 1978",\\$avi; 450  p.,\\$aBradley's Arnold Latin prose composition by Thomas Kerchever Arnold (2006),,,,\\$aYour library,00469     2200169 i 4500
69272175,MePoLT,20250518141137.0,,\\$aMePoLT$cMePoLT$erda,\4$aPA 3893 .P5 C33 1895,,"1\$aCarroll, Mitchell.","10$aAristotle's Poetics, C. xxv, in the light of the Homeric scholia.",,\\$a66  p.,"\\$aAristotle's Poetics, C. xxv, in the light of the Homeric scholia by Mitchell Carroll (1895)",,,,\\$aYour library,00445     2200145 i 4500
69272205,MePoLT,20250518141137.0,,\\$aMePoLT$cMePoLT$erda,\4$aPA 3973 .C9 L6 1891,\4$a882.01,1\$aEuripides.,10$aCyclops.,,,\\$aCyclops by Euripides (1891),,,,\\$aYour library,00315     2200145 i 4500
69272228,MePoLT,20250518141137.0,,\\$aMePoLT$cMePoLT$erda,\4$aPA 3082 .A7 R3 1974,,"1\$aReitzenstein, Richard.",10$aHellenistische Wundererzahlungen.,,,\\$aHellenistische Wundererzahlungen by Richard Reitzenstein (1974),,\\$a3rd ed.,,\\$aYour library,00389     2200145 i 4500
69272233,MePoLT,20250518141137.0,\\$a0710012934,\\$aMePoLT$cMePoLT$erda,\4$aDG 206 .A2 D6 1966,\4$a937.0072,"1\$aDorey, T. A.",10$aLatin Historians.,"\1$aLondon$b Routledge &amp; Kegan Paul, 1966.",\\$a208  p.,\\$aLatin Historians by T. A. Dorey (1966),,,,\\$aYour library,00448     2200181 i 4500
69272245,MePoLT,20250518141137.0,,\\$aMePoLT$cMePoLT$erda,\4$aPA 4245 .E6 1925,\4$a882.01,1\$aMenander.,10$aMenander. Das Schiedsgericht.,"\1$aBerlin$b Weidmannsche Buchhandlung, 1925",,\\$aMenander. Das Schiedsgericht by Menander (1925),,,,\\$aYour library,00409     2200157 i 4500
69272262,MePoLT,20250518141137.0,\\$a069101597X,\\$aMePoLT$cMePoLT$erda,\4$aPA 3973 .B2 S56 1997,\4$a809,"1\$aSegal, Charles.","10$aDionysiac Poetics and Euripides' ""Bacchae"".","\1$bPrinceton University Press,$c1997.",\\$a379  p.,"\\$aDionysiac Poetics and Euripides' ""Bacchae"" by Charles Segal (1997)",,,,\\$aYour library,00494     2200181 i 4500
69272271,MePoLT,20250518141137.0,\\$a0715631691,\\$aMePoLT$cMePoLT$erda,\4$aPA 3893 .P5 J3x 1984,\4$a882.01,"1\$aJanko, Richard.",10$aAristotle on comedy: towards a reconstruction of Poetics II.,,\\$ax; 294  p.,\\$aAristotle on comedy: towards a reconstruction of Poetics II by Richard Janko (1984),,,,\\$aYour library,00483     2200169 i 4500
69272280,MePoLT,20250518141137.0,\\$a3533026205,\\$aMePoLT$cMePoLT$erda,\4$aPA 4245 .H9 G13 1977,\4$a884,1\$aMenander.,10$aMenanders Hydria: Eeine hellenistische Kom&ouml;die und ihr Weg ins lateinische Mittelalter.,"\1$aHeidelberg$b Winter, 1977",\\$a504  p.,\\$aMenanders Hydria: Eeine hellenistische Kom&ouml;die und ihr Weg ins lateinische Mittelalter by Menander (1977),,,,\\$aYour library,00564     2200181 i 4500
69272295,MePoLT,20250518141137.0,\\$a0198140304,\\$aMePoLT$cMePoLT$erda,\4$aPA 3973 .C9 S4 1984,\4$a882/.01,1\$aEuripides.,10$aCyclops.,,\\$ax; 229  p.,\\$aCyclops by Euripides (1984),,,,\\$aYour library,00370     2200169 i 4500
69272301,MePoLT,20250518141137.0,,\\$aMePoLT$cMePoLT$erda,\4$aDF 77 .E35 1968,\4$a913.3/8/03,"1\$aEhrenberg, Victor.",10$aFrom Solon to Socrates : Greek history and civilization during the sixth and fifth centuries B.C.,"\1$aLondon $b Methuen, 1968.",\\$axv; 493  p.,\\$aFrom Solon to Socrates : Greek history and civilization during the sixth and fifth centuries B.C by Victor Ehrenberg (1968),,,,\\$aYour library,00577     2200169 i 4500
69272305,MePoLT,20250518141137.0,\\$a8804362170,\\$aMePoLT$cMePoLT$erda,\4$aBT 1390 .T48 1999,\4$a299/.932,"1\$aSimonetti, Manlio.",10$aTesti gnostici in lingua greca e latina.,"\1$a[Italy] : Vincenza $b Fondazione Lorenzo Valla ; A. Mondadori, 1999. (terze edizione),$cterze edizione.",\\$axxxiv; 595  p.,\\$aTesti gnostici in lingua greca e latina by Manlio Simonetti (1999),,,,\\$aYour library,00572     2200181 i 4500
69272313,MePoLT,20250518141137.0,\\$a0801841062,\\$aMePoLT$cMePoLT$erda,\4$aPA 2320 .A3 1982,\4$a478.1,"1\$aAdams, James N.",10$aThe Latin Sexual Vocabulary.,"\1$aBaltimore$b Johns Hopkins University Press, 1990.",\\$axii; 272  p.,\\$aThe Latin Sexual Vocabulary by James N. Adams (1990),,,,\\$aYour library,00483     2200181 i 4500
69272342,MePoLT,20250518141137.0,\\$a3519074818,\\$aMePoLT$cMePoLT$erda,\4$aPA 2320 .B2 J4S8 1993,\4$a808.8100094,"1\$aBla&#776;nsdorf, Ju&#776;rgen.","10$aBandusia: Quelle und Brunnen in der lateinischen, italienischen, franzo&#776;sischen und deutschen Dichtung der Renaissance.",,\\$a145  p.,"\\$aBandusia: Quelle und Brunnen in der lateinischen, italienischen, franzo&#776;sischen und deutschen Dichtung der Renaissance by Ju&#776;rgen Bla&#776;nsdorf (1993)",,,,\\$aYour library,00620     2200169 i 4500
69272365,MePoLT,20250518141137.0,\\$a0801853605,\\$aMePoLT$cMePoLT$erda,\4$aBL 782 .G34,\4$a398,"1\$aGantz, Timothy.","10$aEarly Greek Myth: A Guide to Literary and Artistic Sources, Vols. 1 and 2.","\1$bThe Johns Hopkins University Press,$c1996.",\\$a584  p.,"\\$aEarly Greek Myth: A Guide to Literary and Artistic Sources, Vols. 1 and 2 by Timothy Gantz (1996)",,,,\\$aYour library,00555     2200181 i 4500
69272379,MePoLT,20250518141137.0,\\$a0198140576,\\$aMePoLT$cMePoLT$erda,\4$aPA 3086 .A58 1989,\4$a880.09,"1\$aRussell, Donald Andrew.",10$aAntonine Literature.,,\\$a256  p.,\\$aAntonine Literature by Donald Andrew Russell (1990),,,,\\$aYour library,00413     2200169 i 4500
69272391,MePoLT,20250518141137.0,,\\$aMePoLT$cMePoLT$erda,\4$aPA 4245 .S2 1950,\4$a882.01,1\$aMenander.,10$aThe Samia.,"\1$aDeighton$b Bell and Co., 1950",,\\$aThe Samia by Menander (1951),,,,\\$aYour library,00360     2200157 i 4500
69272418,MePoLT,20250518141138.0,\\$a0802052622,\\$aMePoLT$cMePoLT$erda,\4$aPA 2320 .F3 1972,\4$a870/.9/001,"1\$aFantham, Elaine.",10$aComparative studies in Republican Latin imagery.,,\\$ax; 222  p.,\\$aComparative studies in Republican Latin imagery by Elaine Fantham (1972),,,,\\$aYour library,00461     2200169 i 4500
69272427,MePoLT,20250518141138.0,,\\$aMePoLT$cMePoLT$erda,\4$aPA 3893 .P5 1913,\4$a808.2,1\$aAristotle.,10$aAristotelis De arte poetica liber.,,\\$aVI; 48  p.,\\$aAristotelis De arte poetica liber by Aristotle (1913),,,,\\$aYour library,00390     2200157 i 4500
69272431,MePoLT,20250518141138.0,\\$a0199271372,\\$aMePoLT$cMePoLT$erda,\4$aPA 3086 .W48 2001,\4$a880.9001,"1\$aWhitmarsh, Tim.",10$aGreek Literature and the Roman Empire: The Politics of Imitation.,,\\$a392  p.,\\$aGreek Literature and the Roman Empire: The Politics of Imitation by Tim Whitmarsh (2004),,,,\\$aYour library,00489     2200169 i 4500
69272447,MePoLT,20250518141138.0,\\$a0669416959,\\$aMePoLT$cMePoLT$erda,\4$aDF 77 .F75 1997,\4$a938,"1\$aFrost, Frank J.",10$aGreek society.,"\1$aBoston $b Houghton Mifflin Co., c1997.",\\$axiii; 239  p.,\\$aGreek society by Frank J. Frost (1997),,,,\\$aYour library,00442     2200181 i 4500
69272472,MePoLT,20250518141138.0,,\\$aMePoLT$cMePoLT$erda,\4$aPA 3935 .Z9 1971,,"1\$aWeise, August.","10$aWorterbuch Zu Arrians Anabasis, Mit Besonderer Rucksicht Auf Eigennamen Und Sach-Erklarung.",,,"\\$aWorterbuch Zu Arrians Anabasis, Mit Besonderer Rucksicht Auf Eigennamen Und Sach-Erklarung by August Weise (1971)",,,,\\$aYour library,00462     2200133 i 4500
69272478,MePoLT,20250518141138.0,,\\$aMePoLT$cMePoLT$erda,\4$aPA 4245 .S4 1964,,1\$aMenander.,10$aMenandri Sententiae. Comparatio Menandri et Philistionis.,"\1$aLeipzig$b Teubner, 1964.",\\$axxxv; 230  p.,\\$aMenandri Sententiae. Comparatio Menandri et Philistionis by Menander (1964),,,,\\$aYour library,00456     2200157 i 4500
69272505,MePoLT,20250518141138.0,,\\$aMePoLT$cMePoLT$erda,\4$aDG 206 .M6 A44,,"1\$aMommsen, Theodor.",10$aTheodor Mommsen - Otto Jahn; Briefwechsel 1842-1868.,,\\$axi; 389  p.,\\$aTheodor Mommsen - Otto Jahn; Briefwechsel 1842-1868 by Theodor Mommsen (1962),,,,\\$aYour library,00416     2200145 i 4500
69272517,MePoLT,20250518141138.0,\\$a2903264163,\\$aMePoLT$cMePoLT$erda,\4$aB 172 .B6 1994,,"1\$aBabut, Daniel.","10$aParerga: Choix d'articles de Daniel Babut, 1974-1994 (CMO 24, Serie litteraire et philosophique).","\1$bMaison de l'Orient mediterraneen,$c1994.",\\$a2677  p.,"\\$aParerga: Choix d'articles de Daniel Babut, 1974-1994 (Serie litteraire et philosophique) (French Edition) by Daniel Babut (1994)",,,,\\$aYour library,00590     2200169 i 4500
69272534,MePoLT,20250518141138.0,,\\$aMePoLT$cMePoLT$erda,\4$aDF 77 .G972 1902,\4$a913.38,"1\$aGulick, Charles Burton.",10$aThe Life of the Ancient Greeks with Special Reference to Athens.,,,\\$aThe Life of the Ancient Greeks with Special Reference to Athens by Charles Burton Gulick (?),,,,\\$aYour library,00446     2200145 i 4500
69272547,MePoLT,20250518141138.0,,\\$aMePoLT$cMePoLT$erda,\4$aDG 207 .C373 H57,\4$a937.07,"1\$aMurison, Charles Leslie.",10$aRebellion and Reconstruction. Galba to Domitian: An Historical Commentary on Cassius Dio's Roman History.,,,\\$aRebellion and Reconstruction - Galba to Domitian: An Historical Commentary on Cassius Dio's Roman History by Charles Leslie Murison (1999),,,,\\$aYour library,00534     2200145 i 4500
69272563,MePoLT,20250518141138.0,,\\$aMePoLT$cMePoLT$erda,\4$aPA 3936 .A2 1963,,1\$aArtemidorus.,"10$aArtemodori Daldiani, Onirocriticon Libri V.",,,"\\$aArtemodori Daldiani, Onirocriticon Libri V by Artemidorus (1963)",,,,\\$aYour library,00363     2200133 i 4500
69272584,MePoLT,20250518141138.0,,\\$aMePoLT$cMePoLT$erda,\4$aDF 77 .L581 1983,\4$a610.938,"1\$aLloyd, G.E.R.","10$aScience, Folklore and Ideology: Studies in the Life Sciences in.","\1$bPublisher Unknown,$c1983.",,"\\$aScience, Folklore and Ideology: Studies in the Life Sciences in by G.E.R. Lloyd (1983)",,,,\\$aYour library,00473     2200157 i 4500
69272591,MePoLT,20250518141138.0,\\$a3598777167,\\$aMePoLT$cMePoLT$erda,\4$aPA 3936 .A6 I46 2004,\4$a888.0102,"1\$aIhm, Sybille.",10$aEros und Distanz.,,\\$a156  p.,\\$aEros und Distanz by Sybille Ihm (2004),,,,\\$aYour library,00392     2200169 i 4500
69272608,MePoLT,20250518141138.0,\\$a3770510917,\\$aMePoLT$cMePoLT$erda,\4$aPA 2329 .P96 1975,\4$a476,"1\$aPulgram, Ernst.",10$aLatin-Romance phonology: prosodics and metrics.,,\\$a304  p.,\\$aLatin-Romance phonology: prosodics and metrics by Ernst Pulgram (1975),,,,\\$aYour library,00448     2200169 i 4500
69272614,MePoLT,20250518141138.0,\\$a0800614127,\\$aMePoLT$cMePoLT$erda,\4$aBT 701.2 .B87 1981,\4$a233.09015,"1\$aBurns, Patout J.",10$aTheological Anthroplogy (Sources of Early Christian Thought).,"\1$bFortress Press,$c1981.",\\$a144  p.,\\$aTheological Anthroplogy (Sources of Early Christian Thought) by Patout J. Burns (1981),,,,\\$aYour library,00525     2200181 i 4500
69272626,MePoLT,20250518141140.0,\\$a0199220743,\\$aMePoLT$cMePoLT$erda,\4$aB 172 .G4 1995,\4$a180,"1\$aGill, Christopher.",10$aGreek Thought (New Surveys in the Classics no. 25).,"\1$aOxford University Press, Edition$b 1, Paperback, 114 pages",\\$a114  p.,\\$aGreek Thought (New Surveys in the Classics no. 25) by Christopher Gill (1995),,,,\\$aYour library,00534     2200181 i 4500
69272642,MePoLT,20250518141140.0,,\\$aMePoLT$cMePoLT$erda,\4$aPA 3973 .E5 1939,\4$a882.01,1\$aEuripides.,10$aElectra.,,,\\$aElectra by Euripides (1939),,,,\\$aYour library,00312     2200145 i 4500
69272653,MePoLT,20250518141140.0,,\\$aMePoLT$cMePoLT$erda,\4$aBF 1762 .J85 2002,,1\$aAngelo Tonelli.,10$aOracoli Caldaici.,,,\\$aOracoli Caldaici by Angelo Tonelli (2002),,\\$amissing,,\\$aYour library,00342     2200145 i 4500
69272658,MePoLT,20250518141140.0,,\\$aMePoLT$cMePoLT$erda,\4$aPA 2331 .R3,\4$a871.0109,"1\$aRaven, David S.",10$aLatin metre: an introduction.,,\\$a182  p.,\\$aLatin metre: an introduction by David S. Raven (1965),,,,\\$aYour library,00385     2200157 i 4500
69272679,MePoLT,20250518141140.0,\\$a3406086888,\\$aMePoLT$cMePoLT$erda,\4$aDG 208 .M99 1982,\4$a345.37/002638343.705002638,"1\$aMalitz, J&uuml;rgen.","10$aR&ouml;misches Strafrecht, Stellenregister.","\1$aM&uuml;nchen $b Beck, c1982.",\\$axi; 126  p.,"\\$aR&ouml;misches Strafrecht, Stellenregister by J&uuml;rgen Malitz (1982)",,,,\\$aYour library,00501     2200181 i 4500
69272687,MePoLT,20250518141141.0,,\\$aMePoLT$cMePoLT$erda,\4$aPA 3893 .P5 C35 1947,\4$a808.2,1\$aAristotle.,10$aAristotle on the art of poetry: an amplified version with supplementary illustrations.,,\\$axxix; 100  p.,\\$aAristotle on the art of poetry: an amplified version with supplementary illustrations by Aristotle (1947),,,,\\$aYour library,00501     2200157 i 4500
69272694,MePoLT,20250518141141.0,\\$a0521662001,\\$aMePoLT$cMePoLT$erda,\4$aN 5760 .H6413 2004,\4$a709.37,"1\$aH&ouml;lscher, Tonio.",10$aThe Language of Images in Roman Art.,"\1$bCambridge University Press,$c2004.",\\$a188  p.,\\$aThe Language of Images in Roman Art by Tonio H&ouml;lscher (2004),,,,\\$aYour library,00493     2200181 i 4500
69272718,MePoLT,20250518141141.0,,\\$aMePoLT$cMePoLT$erda,\4$aBV 468 .H99 1956,,"1\$aBlust, Walther.",10$aHymni Latini Antiquissimi LXXV Psalmi III.,,,\\$aHymni Latini Antiquissimi LXXV Psalmi III by Walther Blust (1956),,,,\\$aYour library,00366     2200133 i 4500
69272721,MePoLT,20250518141141.0,\\$a0198142897,\\$aMePoLT$cMePoLT$erda,\4$aB 172 .W27 1971,\4$a180,"1\$aWest, M. L.",10$aEarly Greek philosophy and the Orient.,,\\$axv; 256  p.,\\$aEarly Greek philosophy and the Orient by M. L. West (1971),,,,\\$aYour library,00425     2200169 i 4500
69272725,MePoLT,20250518141141.0,\\$a3110018853,\\$aMePoLT$cMePoLT$erda,\4$aDG 209 .A92 V.1.1,\4$a937,"1\$aTemporini, Hildegard.",10$aAufstieg und Niedergang der r&ouml;mischen Welt: Erster Band I.,"\1$aBerlin/New York$b De Gruyter, 1972.",,\\$aAufstieg und Niedergang der r&ouml;mischen Welt : Geschichte und Kultur Roms im Spiegel der neueren Forschung by Joseph Vogt (1972),,,,\\$aYour library,00551     2200169 i 4500
69272745,MePoLT,20250518141141.0,\\$a3598777337,\\$aMePoLT$cMePoLT$erda,\4$aBV 4904 .M363 S343 2002,\4$a878.04,"1\$aSchaeben, Ulrike.",10$aTrauer im humanistischen Dialog : das Trostgespr&auml;ch des Giannozzo Manetti und seine Quellen.,"\1$aM&uuml;nchen $b K.G. Saur, 2002.",\\$a441  p.,\\$aTrauer im humanistischen Dialog : das Trostgespr&auml;ch des Giannozzo Manetti und seine Quellen by Ulrike Schaeben (2002),,,,\\$aYour library,00598     2200181 i 4500
69272758,MePoLT,20250518141141.0,,\\$aMePoLT$cMePoLT$erda,\4$aN 5740 .W633 1900,,"1\$aWickhoff, Franz.",10$aRoman art; some of its principles and their application to early.,"\1$bLondon. W. Heinemann; New York, Macmillan, 1900.,$c1900.",,\\$aRoman art; some of its principles and their application to early by Franz Wickhoff (1900),,\\$aoversize,,\\$aYour library,00513     2200157 i 4500
69272788,MePoLT,20250518141141.0,\\$a3598777361,\\$aMePoLT$cMePoLT$erda,\4$aBV 5023 .C47 2004,,"1\$aFeichtinger, Barbara.",10$aDie Christen und der K&ouml;rper : Aspekte der K&ouml;rperlichkeit in der christlichen Literatur der Sp&auml;tantike.,"\1$aM&uuml;nchen $b Saur, 2004.",\\$a212  p.,\\$aDie Christen und der K&ouml;rper : Aspekte der K&ouml;rperlichkeit in der christlichen Literatur der Sp&auml;tantike by Barbara Feichtinger (2004),,,,\\$aYour library,00596     2200169 i 4500
69272812,MePoLT,20250518141141.0,,\\$aMePoLT$cMePoLT$erda,\4$aPA 3973 .H3 T6 1946,\4$a882.01,1\$aEuripides.,10$aHecuba.,,\\$axxvii; 170  p.,\\$aHecuba by Euripides (1946),,,,\\$aYour library,00344     2200157 i 4500
69272837,MePoLT,20250518141141.0,\\$a080183290X,\\$aMePoLT$cMePoLT$erda,\4$aPA 3093 .G4613 1988,\4$a881.01,"1\$aGentili, Bruno.",10$aPoetry and its public in ancient Greece : from Homer to the fifth century.,"\1$aBaltimore$b Johns Hopkins University Press, 1988.",\\$axx; 384  p.,\\$aPoetry and its public in ancient Greece : from Homer to the fifth century by Bruno Gentili (1988),,,,\\$aYour library,00577     2200181 i 4500
69272854,MePoLT,20250518141141.0,,\\$aMePoLT$cMePoLT$erda,\4$aPA 2335 .E5 P6 1971,\4$a476,"1\$aPlatnauer, Maurice.","10$aLatin elegaic verse: a study of the metrical uses of Tibullus, Propertius, and Ovid.",,,"\\$aLatin elegaic verse: a study of the metrical uses of Tibullus, Propertius, and Ovid by Maurice Platnauer (1971)",,,,\\$aYour library,00481     2200145 i 4500
69272855,MePoLT,20250518141141.0,,\\$aMePoLT$cMePoLT$erda,\4$aBL 253 .P53 1916,,"1\$aPfeifer, H.",10$aStudien zum antiken Sternglauben.,,,\\$aStudien zum antiken Sternglauben by H. Pfeifer (1916),,,,\\$aYour library,00341     2200133 i 4500
69272886,MePoLT,20250518141141.0,,\\$aMePoLT$cMePoLT$erda,\4$aPA 3939 .A2 1908,\4$a188,"1\$aMarcus Aurelius, Emperor of Rome.",10$aMarcus Aurelius Antoninus.,"\1$aLondon $b A. L. Humphreys, 1908.",\\$a239  p.,\\$aMarcus Aurelius Antoninus by Emperor of Rome Marcus Aurelius (1908),,,,\\$aYour library,00463     2200169 i 4500
69272888,MePoLT,20250518141141.0,\\$a0521456800,\\$aMePoLT$cMePoLT$erda,\4$aN 5633 .S74 1996,\4$a704.94210938,"1\$aStewart, Andrew.","10$aArt, Desire and the Body in Ancient Greece.","\1$aCambridge University Press (1998), Edition$b 1ST, Paperback, 288 pages,$c1998.",\\$a288  p.,"\\$aArt, Desire and the Body in Ancient Greece by Andrew Stewart (1998)",,,,\\$aYour library,00545     2200181 i 4500
69272898,MePoLT,20250518141141.0,\\$a0198149204,\\$aMePoLT$cMePoLT$erda,\4$aBV 5023 .E45 1994,\4$a271/.9/0009015,"1\$aElm, Susanna.",10$aVirgins of God : the making of asceticism in late antiquity.,"\1$aOxford ; New York $b Oxford University Press, 1994.",\\$axvii; 443  p.,\\$aVirgins of God : the making of asceticism in late antiquity by Susanna Elm (1994),,,,\\$aYour library,00555     2200181 i 4500
69272945,MePoLT,20250518141142.0,\\$a351907480X,\\$aMePoLT$cMePoLT$erda,\4$aPA 2337 .D7 B5 1994,\4$a871.009,"1\$aShackleton Bailey, David Roy.",10$aHomoeoteleuton in Latin dactylic verse.,,\\$ax; 241  p.,\\$aHomoeoteleuton in Latin dactylic verse by David Roy Shackleton Bailey (1994),,,,\\$aYour library,00469     2200169 i 4500
69272984,MePoLT,20250518141142.0,\\$a3598716648,\\$aMePoLT$cMePoLT$erda,\4$aBX 260 .P95 1989-2002,\4$a888,"1\$aPsellos, Michael.",10$aTheologica (2 volumes).,"\1$aMunich/Leipzig$b Saur, 1989-2002.",\\$a176  p.,\\$aTheologica (2 volumes) by Michael Psellos (1989-2002),\\$aVol 1 is missing,\\$a2 vols,,\\$aYour library,00519     2200205 i 4500
69273022,MePoLT,20250518141142.0,,\\$aMePoLT$cMePoLT$erda,\4$aPA 3893 .P5 B31 1962,,"1\$aBrancato, Giovanni.","10$aIl ""Quarto Caso"" nella poetica di Aristotele.",,,"\\$aIl ""Quarto Caso"" nella poetica di Aristotele by Giovanni Brancato (1962)",,,,\\$aYour library,00384     2200133 i 4500
69273023,MePoLT,20250518141142.0,\\$a0521096626,\\$aMePoLT$cMePoLT$erda,\4$aN 5630 .P78 1972,\4$a709.38,"1\$aPollitt, Jerome Jordan.",10$aArt and Experience in Classical Greece.,"\1$aCambridge University Press (1972), Edition$b First edition., Paperback, 205 pages,$c1972.",\\$a205  p.,\\$aArt and Experience in Classical Greece by Jerome Jordan Pollitt (1972),,,,\\$aYour library,00556     2200181 i 4500
69273046,MePoLT,20250518141142.0,\\$a0415120411,\\$aMePoLT$cMePoLT$erda,\4$aDF 77 .S561 1995,\4$a938,"1\$aSowerby, Robin.",10$aThe Greeks : an introduction to their culture.,"\1$aLondon ; New York $b Routledge, 1995.",\\$ax; 216  p.,\\$aThe Greeks : an introduction to their culture by Robin Sowerby (1995),,,,\\$aYour library,00502     2200181 i 4500
69273063,MePoLT,20250518141142.0,\\$a0205001335,\\$aMePoLT$cMePoLT$erda,\4$aN 5630 .P44 2007,\4$a938,"1\$aPedley, John G.",10$aGreek Art and Archaeology.,"\1$aPrentice Hall (2011), Edition$b 5, Paperback, 400 pages,$c2011.",\\$a400  p.,\\$aGreek Art and Archaeology by John G. Pedley (2011),,,,\\$aYour library,00486     2200181 i 4500
69273076,MePoLT,20250518141142.0,,\\$aMePoLT$cMePoLT$erda,\4$aN 5630 .H8 1879,,"1\$aHoppin, James M.",10$aGreek Art on Greek Soil.,"\1$aHoughton Mifflin Co. (1897), Edition$b First, Hardcover,$c1897.",,\\$aGreek Art on Greek Soil by James M. Hoppin (1897),,,,\\$aYour library,00412     2200145 i 4500
69273097,MePoLT,20250518141142.0,\\$a0888665199,\\$aMePoLT$cMePoLT$erda,\4$aPA 3095 .I30 1974,\4$a881.01,"1\$aIrwin, Eleanor.",10$aColour terms in Greek poetry.,,,\\$aColour terms in Greek poetry by Eleanor Irwin (1974),,,,\\$aYour library,00391     2200157 i 4500
69273106,MePoLT,20250518141142.0,\\$a1555406661,\\$aMePoLT$cMePoLT$erda,\4$aPA 2343 .B35 1991,\4$a929.9,"1\$aShackleton Bailey, David Roy.",10$aTwo studies in Roman nomenclature.,,\\$axii; 100  p.,\\$aTwo studies in Roman nomenclature by David Roy Shackleton Bailey (1991),,,,\\$aYour library,00457     2200169 i 4500
69273113,MePoLT,20250518141142.0,\\$a3322004597,\\$aMePoLT$cMePoLT$erda,\4$aPA 3973 .H5 L4 1988,\4$a882.01,1\$aEuripides.,10$aHercules.,"\1$aLeipzig $b Teubner, 1988.",\\$axviii; 59  p.,\\$aHercules by Euripides (1988),,,,\\$aYour library,00416     2200181 i 4500
69273128,MePoLT,20250518141142.0,\\$a0941690911,\\$aMePoLT$cMePoLT$erda,\4$aDF 77 .T475 1999,\4$a938.0072,"1\$aMellor, Ronald; Tritle, Lawrence.",10$aText & tradition : studies in Greek history & historiography in honor of Mortimer Chambers.,"\1$aClaremont, Calif. $b Regina Books, c1999.",\\$axl; 382  p.,"\\$aText & tradition : studies in Greek history & historiography in honor of Mortimer Chambers by Ronald; Tritle Mellor, Lawrence (1999)",,,,\\$aYour library,00638     2200181 i 4500
69273152,MePoLT,20250518141142.0,,\\$aMePoLT$cMePoLT$erda,\4$aPA 3893 .P5 B29 1932,\4$a808.2,1\$aAristotle.,10$aAristotle's theory of poetry and fine art: with a critical text and translation of the Poetics.,,\\$axl; 421  p.,\\$aAristotle's theory of poetry and fine art : with a critical text and translation of the Poetics by S. H. Butcher (1932),,,,\\$aYour library,00522     2200157 i 4500
69273163,MePoLT,20250518141142.0,\\$a0521126126,\\$aMePoLT$cMePoLT$erda,\4$aPA 3870 .A2 2001,\4$a180,1\$aAntiphon.,10$aAntiphon the Sophist: The Fragments (Cambridge Classical Texts and Commentaries).,,\\$a488  p.,\\$aAntiphon the Sophist: The Fragments (Cambridge Classical Texts and Commentaries) by Antiphon (2001),,,,\\$aYour library,00504     2200169 i 4500
69273169,MePoLT,20250518141142.0,,\\$aMePoLT$cMePoLT$erda,\4$aPA 3939 .A2 1913,,1\$aMarcus Antoninus Imperator.,10$aIn Semet Ipsum Libri XII.,,,\\$aIn Semet Ipsum Libri XII by Marcus Antoninus Imperator (1913),,,,\\$aYour library,00357     2200133 i 4500
69273173,MePoLT,20250518141143.0,\\$a2252021659,\\$aMePoLT$cMePoLT$erda,\4$aPA 2343 .E84 1979,\4$a472.03,"1\$aErnout, Albert; Meillet, Antoine.",10$aDictionnaire &eacute;tymologique de la langue latine : histoire des mots.,,\\$aXVIII; 829  p.,\\$aDictionnaire &eacute;tymologique de la langue latine : histoire des mots by A. Ernout (1979),,,,\\$aYour library,00512     2200169 i 4500
69273175,MePoLT,20250518141143.0,\\$a0028547004,\\$aMePoLT$cMePoLT$erda,\4$aDF 77 .W571 1931,\4$a913.38,"1\$aWhibley, Leonard.",10$aA companion to Greek studies.,"\1$aNew York $b Hafner, 1968",\\$a790  p.,\\$aA companion to Greek studies by Leonard Whibley (1968),,,,\\$aYour library,00459     2200181 i 4500
69273196,MePoLT,20250518141143.0,\\$a0198148976,\\$aMePoLT$cMePoLT$erda,\4$aML 169 .W5 1992,\4$a780.938,"1\$aWest, M. L.",10$aAncient Greek music.,"\1$aOxford $b Clarendon, 1992.",\\$axiii; 410  p.,\\$aAncient Greek music by M. L. West (1992),,,,\\$aYour library,00438     2200181 i 4500
69273204,MePoLT,20250518141143.0,\\$a3598777019,\\$aMePoLT$cMePoLT$erda,\4$aPA 3105 .H45 2001 v.1,\4$a883/.0109,"1\$aHeitsch, Ernst.","10$aGesammelte Schriften, vol. 1.",,,"\\$aGesammelte Schriften, vol. 1 by Ernst Heitsch (2001)",,\\$a3 vols,,\\$aYour library,00421     2200169 i 4500
69273214,MePoLT,20250518141143.0,,\\$aMePoLT$cMePoLT$erda,\4$aPA3973 .H6 J9 1888,\4$a882.01,1\$aEuripides.,10$aHeracleidae.,,,\\$aHeracleidae by Euripides (1888),,,,\\$aYour library,00322     2200145 i 4500
69273222,MePoLT,20250518141143.0,,\\$aMePoLT$cMePoLT$erda,\4$aML 169 .K81 1963,,"1\$aKoller, Hermann.",10$aMusik und Dichtung im alten Griechenland.,,\\$a212  p.,\\$aMusik und Dichtung im alten Griechenland by Hermann Koller (1963),,,,\\$aYour library,00390     2200145 i 4500
69273229,MePoLT,20250518141143.0,\\$a0674362381,\\$aMePoLT$cMePoLT$erda,\4$aPA 3105 .H8 1969,\4$a883.01,"1\$aHuxley, George Leonard.",10$aGreek epic poetry from Eumelos to Panyassis.,,\\$a213  p.,\\$aGreek epic poetry from Eumelos to Panyassis by George Leonard Huxley (1969),,,,\\$aYour library,00460     2200169 i 4500
69273238,MePoLT,20250518141143.0,\\$a351907642X,\\$aMePoLT$cMePoLT$erda,\4$aPA 4247 .K32 1997,\4$a882.010917,"1\$aKrieter-Spiro, Martha.","10$aSklaven, K&ouml;che und Het&auml;ren. Das Dienstpersonal bei Menander. Stellung, Rolle, Komik und Sprache.","\1$aStuttgart$b Teubner, 1997",\\$a329  p.,"\\$aSklaven, K&ouml;che und Het&auml;ren. Das Dienstpersonal bei Menander. Stellung, Rolle, Komik und Sprache by Martha Krieter-Spiro (1997)",,,,\\$aYour library,00613     2200181 i 4500
69273240,MePoLT,20250518141143.0,\\$a0801833647,\\$aMePoLT$cMePoLT$erda,\4$aML 169 .C6513 1989,\4$a780/.938,"1\$aComotti, Giovanni.",10$aMusic in Greek and Roman culture.,"\1$aBaltimore $b Johns Hopkins University Press, c1989.",\\$axii; 186  p.,\\$aMusic in Greek and Roman culture by Giovanni Comotti (1989),,,,\\$aYour library,00505     2200181 i 4500
69273254,MePoLT,20250518141143.0,\\$a0822630621,\\$aMePoLT$cMePoLT$erda,\4$aML 169 .C1713 1997,\4$a882/.0109,"1\$aCalame, Claude.","10$aChoruses of young women in ancient Greece : their morphology, religious role, and social function.","\1$aLanham $b Rowman & Littlefield, c1997.",\\$axii; 282  p.,"\\$aChoruses of young women in ancient Greece : their morphology, religious role, and social function by Claude Calame (1997)",,,,\\$aYour library,00617     2200181 i 4500
69273262,MePoLT,20250518141143.0,\\$a0198147589,\\$aMePoLT$cMePoLT$erda,\4$aPA 3973 .H6 W88 1993,\4$a882/.01,1\$aEuripides.,10$aEuripides Heraclidae.,,\\$axxxvi; 198  p.,\\$aEuripides Heraclidae by Euripides (1993),,,,\\$aYour library,00401     2200169 i 4500
69273271,MePoLT,20250518141143.0,\\$a3598778341,\\$aMePoLT$cMePoLT$erda,\4$aPA 3871 .A2 A66 2005,\4$a485,1\$aApollonius Dyscolus.,"10$aApollonios Dyskolos : &uuml;ber das Pronomen ; Einf&uuml;hrung, Text, &Uuml;bersetzung und Erl&auml;uterungen.",,\\$axiv; 676  p.,"\\$aApollonios Dyskolos : &uuml;ber das Pronomen ; Einf&uuml;hrung, Text, &Uuml;bersetzung und Erl&auml;uterungen by Apollonius Dyscolus (2005)",,,,\\$aYour library,00561     2200169 i 4500
69273272,MePoLT,20250518141143.0,,\\$aMePoLT$cMePoLT$erda,\4$aPA 3105 .M98 1907,\4$a883.09,"1\$aMurray, Gilbert.",10$aThe Rise of the Greek Epic.,,,\\$aThe Rise of the Greek Epic by Gilbert Murray (1907),,,,\\$aYour library,00362     2200145 i 4500
69273287,MePoLT,20250518141143.0,,\\$aMePoLT$cMePoLT$erda,\4$aPA 3110 .B79 1961,\4$a884.09,"1\$aBowra, C. Maurice.",10$aGreek lyric poetry from Alcman to Simonides.,,\\$axii; 444  p.,\\$aGreek lyric poetry from Alcman to Simonides by C. Maurice Bowra (1961),,\\$a2nd ed.,,\\$aYour library,00453     2200169 i 4500
69273305,MePoLT,20250518141144.0,,\\$aMePoLT$cMePoLT$erda,\4$aPA 3973 .I6 O13 1939,\4$a882.3,1\$aEuripides.,10$aIon.,,\\$axliii; 196  p.,\\$aIon by Euripides (1939),,\\$amissing,,\\$aYour library,00362     2200169 i 4500
69273316,MePoLT,20250518141144.0,,\\$aMePoLT$cMePoLT$erda,\4$aPA 4247 .S294 1965,,"1\$aScha&#776;fer, Armin.",10$aMenanders Dyskolos: Untersuchungen zur dramatischen Technik. Mit einem kritisch-exegetischen Anhang.,"\1$aMeisenheim am Glan$b Hain, 1965",\\$a145  p.,\\$aMenanders Dyskolos: Untersuchungen zur dramatischen Technik. Mit einem kritisch-exegetischen Anhang by Armin Scha&#776;fer (1965),,,,\\$aYour library,00560     2200157 i 4500
69273320,MePoLT,20250518141146.0,,\\$aMePoLT$cMePoLT$erda,\4$aPA 3940 .A8 1885,,1\$aAutolycus.,10$aAutolyci de sphaera quae movetur liber. De oritubus et occasibus libri duo una cum scholiis antiquis e libris manu scriptis edidit.,,\\$alxiv; 231  p.,\\$aAutolyci de sphaera quae movetur liber. De oritubus et occasibus libri duo una cum scholiis antiquis e libris manu scriptis edidit by Autolycus (1885),,,,\\$aYour library,00565     2200145 i 4500
69273330,MePoLT,20250518141146.0,,\\$aMePoLT$cMePoLT$erda,\4$aPA 3893 .P5 M70 1937,\4$a808.2,1\$aAristotle.,10$aAristotelous Peri poi&#101;&#772;tik&#101;&#772;s.,,,\\$aAristotelous Peri poi&#101;&#772;tik&#101;&#772;s by Aristotle (1937),,,,\\$aYour library,00359     2200145 i 4500
69273339,MePoLT,20250518141146.0,\\$a0195161858,\\$aMePoLT$cMePoLT$erda,\4$aKJA 2227 .F75 2004,\4$a346.45/632015,"1\$aFrier, Bruce W. and Thomas J. McGinn.",10$aA casebook on Roman family law.,"\1$aOxford [England] ; New York $b Oxford University Press, 2004.",\\$axxi; 506  p.,\\$aA casebook on Roman family law by Bruce W. and Thomas J. McGinn Frier (2004),,,,\\$aYour library,00554     2200181 i 4500
69273346,MePoLT,20250518141146.0,,\\$aMePoLT$cMePoLT$erda,\4$aDF 78 .B33 1998,,"1\$aB&auml;bler, Balbina.",10$aFleissige Thrakerinnen und wehrhafte Skythen. Nichtgriechen im klassischen Athen und ihre arch&auml;ologische Hinterlassenschaft. (BZA 108).,,,\\$aFleissige Thrakerinnen und wehrhafte Skythen. Nichtgriechen im klassischen Athen und ihre arch&auml;ologische Hinterlassenschaft. (BZA 108) by Balbina B&auml;bler (1998),,,,\\$aYour library,00557     2200133 i 4500
69273367,MePoLT,20250518141146.0,\\$a0669178012,\\$aMePoLT$cMePoLT$erda,\4$aDG 209 .B63 1992,\4$a945/.632,"1\$aBoren, Henry C.","10$aRoman Society: A Social, Economic, and Cultural History.","\1$aLexington, MA/Toronto$b D.C. Heath and Company, 1992.",\\$axxiii; 338  p.,"\\$aRoman Society: A Social, Economic, and Cultural History by Henry C. Boren (1992)",,,,\\$aYour library,00548     2200181 i 4500
69273370,MePoLT,20250518141146.0,\\$a3322003396,\\$aMePoLT$cMePoLT$erda,\4$aPA 3941 .A2 1986,\4$a324,1\$aBabrius.,10$aBabrii Mythiambi Aesopei.,,\\$acxvi; 204  p.,\\$aBabrii Mythiambi Aesopei by Babrius (1986),,,,\\$aYour library,00396     2200169 i 4500
69273390,MePoLT,20250518141146.0,\\$a0520044622,\\$aMePoLT$cMePoLT$erda,\4$aPA 3110 .J6 1982,\4$a809.1/4$219,"1\$aJohnson, Walter Raph.",10$aThe idea of lyric : lyric modes in ancient and modern poetry.,,\\$ax; 214  p.,\\$aThe idea of lyric : lyric modes in ancient and modern poetry by Walter Raph Johnson (1982),,,,\\$aYour library,00498     2200169 i 4500
69273400,MePoLT,20250518141146.0,\\$a9786610446544,\\$aMePoLT$cMePoLT$erda,\4$aPA 2343 .D53 2002eb,\4$a478,"1\$aDickey, Eleanor.",10$aLatin forms of address from Plautus to Apuleius.,,\\$ax  p.,\\$aLatin forms of address from Plautus to Apuleius by Eleanor Dickey (2002),,,,\\$aYour library,00455     2200169 i 4500
69273421,MePoLT,20250518141146.0,\\$a907206707X,\\$aMePoLT$cMePoLT$erda,\4$aDF 78 .B3781 B8 1997,,"1\$aBinsbergen, Wim M.J. Van.",10$aBlack Athena: Ten Years After.,"\1$bDutch Archaeologica and Historical Society,$c1997.",,\\$aBlack Athena: Ten Years After by Wim M.J. Van Binsbergen (1997),,,,\\$aYour library,00460     2200157 i 4500
69273430,MePoLT,20250518141146.0,,\\$aMePoLT$cMePoLT$erda,\4$aDG 209 .F29 1994 V.2,,"1\$aBertinelli, Maria Gabriella Angeli.","10$aScritti Vari di Storia, Epigrafia e Antichita&#768; Romane: Vol. I.","\1$aRome$b Giorgio Bretschneider Editore, 1994",\\$a995  p.,"\\$aScritti Vari di Storia, Epigrafia e Antichita&#768; Romane: Vol. I by Maria Gabriella Angeli Bertinelli (1994)",,,,\\$aYour library,00535     2200157 i 4500
69273439,MePoLT,20250518141146.0,,\\$aMePoLT$cMePoLT$erda,\4$aPA 3893 .P5 B28 1909,\4$a808.2,1\$aAristotle.,"10$aAristotelous Peri poi&#101;&#772;tik&#101;&#772;s. Aristotle, On the art of poetry.",,\\$axlvii; 387  p.,"\\$aAristotelous Peri poi&#101;&#772;tik&#101;&#772;s. Aristotle, On the art of poetry by Aristotle (1909)",,,,\\$aYour library,00456     2200157 i 4500
69273463,MePoLT,20250518141146.0,\\$a3519076705,\\$aMePoLT$cMePoLT$erda,\4$aPA 3118 .P3 S36 1999,\4$a881.0109382,"1\$aSchroder, Stephan.",10$aGeschichte und Theorie der Gattung Paian: Eine kritische Untersuchung mit einem Ausblick auf Behandlung und Auffassung der lyrischen Gattungen bei den ... zur Altertumskunde) (German Edition).,,\\$a172  p.,\\$aGeschichte und Theorie der Gattung Paian: Eine kritische Untersuchung mit einem Ausblick auf Behandlung und Auffassung der lyrischen Gattungen bei den ... zur Altertumskunde) (German Edition) by Stephan Schroder (1999),,,,\\$aYour library,00755     2200169 i 4500
69273469,MePoLT,20250518141146.0,\\$a0813512778,\\$aMePoLT$cMePoLT$erda,\4$aDF 78 .B398 1987,\4$a949.5,"1\$aBernal, Martin.","10$aBlack Athena: The Afroasiatic Roots of Classical Civilization (The Fabrication of Ancient Greece 1785-1985, Volume 1 and Volume 2).","\1$bRutgers University Press,$c1991.",\\$a608  p.,"\\$aBlack Athena: The Afroasiatic Roots of Classical Civilization (The Fabrication of Ancient Greece 1785-1985, Volume 1 and Volume 2) by Martin Bernal (1987)",,\\$a2 vols,,\\$aYour library,00689     2200193 i 4500
69273499,MePoLT,20250518141146.0,,\\$aMePoLT$cMePoLT$erda,\4$aDG 209 .L3613 2003,\4$a937,"1\$aGlay, Marcel Le.",10$aHistory of Rome.,"\1$aMalden, MA/Oxford, Uk/Victoria, Aus$b Blackwell Publishing, 2005.",,\\$aHistory of Rome by Marcel Le Glay (2005),,,,\\$aYour library,00420     2200157 i 4500
69273501,MePoLT,20250518141147.0,,\\$aMePoLT$cMePoLT$erda,\4$aCB 245 .B69 1954,\4$a901,"1\$aBolgar, R. R.",10$aThe Classical Heritage and its Beneficiaries.,,\\$avii; 591  p.,\\$aThe Classical Heritage and its Beneficiaries by R. R. Bolgar (1954),,,,\\$aYour library,00418     2200157 i 4500
69273503,MePoLT,20250518141147.0,,\\$aMePoLT$cMePoLT$erda,\4$aPA 3973 .A5 H2 1898,\4$a882.01,1\$aEuripides.,10$aThe Alcestis of Euripides.,,\\$alxxxvii; 178  p.,\\$aThe Alcestis of Euripides by Euripides (1898),,,,\\$aYour library,00384     2200157 i 4500
69273520,MePoLT,20250518141147.0,,\\$aMePoLT$cMePoLT$erda,\4$aPA 3893 .P5 R84 1934,\4$a808.1[888.5],1\$aAristotle.,10$aLa Poetica di Aristotele.,,\\$axcvi; 147  p.,\\$aLa Poetica di Aristotele by Aristotle (1934),,,,\\$aYour library,00386     2200157 i 4500
69273527,MePoLT,20250518141147.0,\\$a0393002934,\\$aMePoLT$cMePoLT$erda,\4$aCB 301 .G66 1965,\4$a913,"1\$aGordon, Cyrus H.",10$aCommon Background of Greek and Hebrew Civilizations.,"\1$aW W Norton & Co Inc (1965), Edition$b 1St Edition, Paperback,$c1965.",,\\$aCommon Background of Greek and Hebrew Civilizations by Cyrus H. Gordon (1965),,,,\\$aYour library,00521     2200169 i 4500
69273539,MePoLT,20250518141147.0,,\\$aMePoLT$cMePoLT$erda,\4$aPA 4014 .A2 1967 v.5.1,,1\$aHippocrates.,10$aHippocrate. Tome 5.,,,\\$aHippocrate. Tome 5 by Hippocrates (1967-70),,\\$a3 vols$aphotocopy,,\\$aYour library,00358     2200145 i 4500
69273547,MePoLT,20250518141147.0,,\\$aMePoLT$cMePoLT$erda,\4$aPA 3893 .P5 B28 1922,\4$a808.2,1\$aAristotle.,10$aThe poetics of Aristotle.,"\1$aLondon $b Macmillan, 1922.",\\$axxviii; 111  p.,\\$aThe poetics of Aristotle by Aristotle (1922),,\\$amissing,,\\$aYour library,00448     2200181 i 4500
69273548,MePoLT,20250518141147.0,\\$a0801443296,\\$aMePoLT$cMePoLT$erda,\4$aPA 3973 .I7 G87 2005,\4$a882.01,"1\$aGurd, Sean Alexander.","10$aIphigenias At Aulis: Textual Multiplicity, Radical Philology.",,\\$a204  p.,"\\$aIphigenias At Aulis: Textual Multiplicity, Radical Philology by Sean Alexander Gurd (2005)",,,,\\$aYour library,00494     2200169 i 4500
69273569,MePoLT,20250518141147.0,,\\$aMePoLT$cMePoLT$erda,\4$aDF 78 .B85 1992,\4$a938,"1\$aBurkert, Walter; Translated by Margaret E Pinder and Walter Burkert.",10$aThe Orientalizing Revolution: Near Eastern Influence on Greek Culture in the Earl.,"\1$bHarvard University Press, Cambridge MA,$c1992.",,\\$aThe Orientalizing Revolution: Near Eastern Influence on Greek Culture in the Earl by Walter; Translated by Margaret E Pinder and Walter Burkert Burkert (1992),,,,\\$aYour library,00634     2200157 i 4500
69273574,MePoLT,20250518141147.0,,\\$aMePoLT$cMePoLT$erda,\4$aPA 2510 .S35,,"1\$aSchneider, Engelbertus.","10$aDialecti Latinae Priscae Et Faliscae Exempla Selecta, Part 1: Dialecti Latinae Priscase Et Faliscae.",,,"\\$aDialecti Latinae Priscae Et Faliscae Exempla Selecta, Part 1: Dialecti Latinae Priscase Et Faliscae by Engelbertus Schneider (1896)",,,,\\$aYour library,00494     2200133 i 4500
69273593,MePoLT,20250518141147.0,,\\$aMePoLT$cMePoLT$erda,\4$aPA 3123 .L38 1962,\4$a292,"1\$aLattimore, Richmond.",10$aThemes in Greek and Latin Epigraphs.,,,\\$aThemes in Greek and Latin Epigraphs by Richmond Lattimore (1962),,,,\\$aYour library,00385     2200145 i 4500
69273603,MePoLT,20250518141147.0,\\$a9004092900,\\$aMePoLT$cMePoLT$erda,\4$aPA 4014 .E8 S34 1990,\4$a610'.938,1\$aHippocrates.,10$aPseudepigraphic writings.,,\\$a133  p.,\\$aPseudepigraphic writings by Hippocrates (1990),,,,\\$aYour library,00407     2200169 i 4500
69273623,MePoLT,20250518141147.0,\\$a0788505440,\\$aMePoLT$cMePoLT$erda,\4$aPA 2510 .C68 1999,\4$a477,"1\$aCourtney, Edward.",10$aArchaic Latin prose.,,\\$axi; 164  p.,\\$aArchaic Latin prose by Edward Courtney (1999),,,,\\$aYour library,00402     2200169 i 4500
69273631,MePoLT,20250518141147.0,\\$a0521208769,\\$aMePoLT$cMePoLT$erda,\4$aDF 78 .M73 1975,\4$a938,"1\$aMomigliano, Arnaldo.",10$aAlien wisdom : the limits of Hellenization.,"\1$aCambridge ; New York $b Cambridge University Press, 1975.",\\$a174  p.,\\$aAlien wisdom : the limits of Hellenization by Arnaldo Momigliano (1975),,,,\\$aYour library,00522     2200181 i 4500
69273642,MePoLT,20250518141147.0,,\\$aMePoLT$cMePoLT$erda,\4$aPA 2510 .A6 1880,\4$a428,"1\$aAllen, Frederic de Forest.",10$aRemnants of early Latin; selected and explained for the use of students.,,\\$avii; 106  p.,\\$aRemnants of early Latin; selected and explained for the use of students by Frederic de Forest Allen (1880),,,,\\$aYour library,00497     2200157 i 4500
69273661,MePoLT,20250518141147.0,\\$a0262180340,\\$aMePoLT$cMePoLT$erda,\4$aDF 78 .M94,\4$a913.8/03,"1\$aRoebuck, Carl.","10$aThe Muses at work; arts, crafts, and professions in ancient Greece and Rome.",,\\$avii; 294  p.,"\\$aThe Muses at work; arts, crafts, and professions in ancient Greece and Rome by Carl Roebuck (1969)",,,,\\$aYour library,00507     2200169 i 4500
69273664,MePoLT,20250518141148.0,,\\$aMePoLT$cMePoLT$erda,\4$aDG 209 .S951 V.7,,"1\$aSyme, Ronald.",10$aRoman Papers: Volume VII.,"\1$aOxford, UK$b Clarendon Press, 1991.",,\\$aRoman Papers: Volume VII by Ronald Syme (1991),,,,\\$aYour library,00380     2200145 i 4500
69273690,MePoLT,20250518141148.0,,\\$aMePoLT$cMePoLT$erda,\4$aPA 2510 .A2 1874,,"1\$aHenzen, Wilhelm.",10$aActa Fratrum Arvalium quae supersunt.,,\\$accxlvi; 240  p.,\\$aActa Fratrum Arvalium quae supersunt by Wilhelm Henzen (1874),,,,\\$aYour library,00390     2200145 i 4500
69273694,MePoLT,20250518141148.0,,\\$aMePoLT$cMePoLT$erda,\4$aPA 3131 .L36 1958,\4$a882.00916,"1\$aLattimore, Richmond.",10$aThe poetry of Greek tragedy.,,\\$a157  p.,\\$aThe poetry of Greek tragedy by Richmond Lattimore (1958),,,,\\$aYour library,00399     2200157 i 4500
69273699,MePoLT,20250518141148.0,,\\$aMePoLT$cMePoLT$erda,\4$aDF 81 .G4713,,"1\$aGilbert, Gustav.",10$aThe constitutional antiquities of Sparta and Athens.,"\1$aLondon : New York $b S. Sonnenschein & Co. ; Macmillan & Co., 1895.",\\$aL; 503  p.,\\$aThe constitutional antiquities of Sparta and Athens by Gustav Gilbert (1895),,,,\\$aYour library,00495     2200157 i 4500
69273722,MePoLT,20250518141148.0,,\\$aMePoLT$cMePoLT$erda,\4$aPA 3973 .I8 P53 1938,\4$a882.01,1\$aEuripides.,10$aIphigenia in Tauris.,,\\$axix; 186  p.,\\$aIphigenia in Tauris by Euripides (1938),,,,\\$aYour library,00369     2200157 i 4500
69273735,MePoLT,20250518141148.0,\\$a0198140134,\\$aMePoLT$cMePoLT$erda,\4$aPA 4248 .M13 R8 1981,\4$a880,1\$aMenander Rhetor.,10$aMenander Rhetor.,"\1$aOxford$b Clarendon Press , 1981",\\$axlvi; 390  p.,\\$aMenander Rhetor by Menander Rhetor (1981),,,,\\$aYour library,00446     2200181 i 4500
69273777,MePoLT,20250518141148.0,,\\$aMePoLT$cMePoLT$erda,\4$aPA 3943 .A2 1970,\4$a884.01,1\$aBacchylides.,10$aCarmina cum fragmentis.,,\\$alxiii; 172  p.,\\$aCarmina cum fragmentis by Bacchylides (1970),,,,\\$aYour library,00377     2200157 i 4500
69273787,MePoLT,20250518141148.0,,\\$aMePoLT$cMePoLT$erda,\4$aPA 4014 .C60 D14 1935,,1\$aHippocrates.,10$aHippokrates. &Uuml;ber entstehung und aufbau des menschlichen k&ouml;rpers.,,,\\$aHippokrates. &Uuml;ber entstehung und aufbau des menschlichen k&ouml;rpers by Hippocrates (1935),,\\$aphotocopy,,\\$aYour library,00442     2200145 i 4500
69273798,MePoLT,20250518141148.0,,\\$aMePoLT$cMePoLT$erda,\4$aPA 3973 .M4 E82 1904,\4$aID530,1\$aEuripides.,"10$aEuripidou M&#101;&#772;deia. The Medea of Euripides, ed. by M.L. Earle.",,,"\\$aEuripidou M&#101;&#772;deia. The Medea of Euripides, ed. by M.L. Earle by Euripides (1904)",,,,\\$aYour library,00421     2200145 i 4500
69273812,MePoLT,20250518141148.0,,\\$aMePoLT$cMePoLT$erda,\4$aPA 3131 .L3913 1964,\4$a882.009,"1\$aLesky, Albin.",10$aDie griechische Trago&#776;die.,,\\$a288  p.,\\$aDie griechische Trago&#776;die by Albin Lesky (1964),,,,\\$aYour library,00383     2200157 i 4500
69273828,MePoLT,20250518141148.0,\\$a359877818X,\\$aMePoLT$cMePoLT$erda,\4$aPA 4248 .M177 P47 2004,\4$a610.938,"1\$aPerilli, Lorenzo.",10$aMenodoto di Nicomedia: contributo a una storia galeniana della medicina empirica : con una raccolta commentata delle testimonianze.,"\1$aMunich$b Saur, 2004.",\\$a252  p.,\\$aMenodoto di Nicomedia: contributo a una storia galeniana della medicina empirica : con una raccolta commentata delle testimonianze by Lorenzo Perilli (2004),,,,\\$aYour library,00666     2200181 i 4500
69273835,MePoLT,20250518141148.0,,\\$aMePoLT$cMePoLT$erda,\4$aCB 351 .C96 1927,\4$a901,"1\$aCrump, Charles George.",10$aThe legacy of the middle ages.,,\\$axii; 549  p.,\\$aThe legacy of the middle ages by Charles George Crump (1926),,,,\\$aYour library,00405     2200157 i 4500
69273860,MePoLT,20250518141148.0,\\$a0520037049,\\$aMePoLT$cMePoLT$erda,\4$aPA 3131 .T1 1978,\4$a882/.051,"1\$aTaplin, Oliver.",10$aGreek tragedy in action.,,\\$ax; 203  p.,\\$aGreek tragedy in action by Oliver Taplin (1978),,,,\\$aYour library,00409     2200169 i 4500
69273867,MePoLT,20250518141148.0,\\$a3598711166,\\$aMePoLT$cMePoLT$erda,\4$aPA 3943 .A2 2003,\4$a884.01,1\$aBacchylides.,10$aBacchylidis carmina cum fragmentis.,,,\\$aBacchylidis carmina cum fragmentis by Bacchylides (2003),,,,\\$aYour library,00397     2200157 i 4500
69273872,MePoLT,20250518141148.0,,\\$aMePoLT$cMePoLT$erda,\4$aB 181 .S67 1953,\4$a182,"1\$aSnell, Bruno.",10$aThe discovery of the mind.,,\\$a323  p.,\\$aThe discovery of the mind by Bruno Snell (1953),,,,\\$aYour library,00373     2200157 i 4500
69273876,MePoLT,20250518141148.0,,\\$aMePoLT$cMePoLT$erda,\4$aPA 2347 .M60 1941,\4$a472,"1\$aMartin, Fernand.","10$aLes mots latins : group&eacute;s par familles &eacute;tymologiques d'apr&egrave;s le ""Dictionnaire &eacute;tymologique de la langue latine"" de Ernout et Meillet.",,\\$aVI  p.,"\\$aLes mots latins : group&eacute;s par familles &eacute;tymologiques d'apr&egrave;s le ""Dictionnaire &eacute;tymologique de la langue latine"" de Ernout et Meillet by F.. Martin",,,,\\$aYour library,00591     2200157 i 4500
69273899,MePoLT,20250518141149.0,,\\$aMePoLT$cMePoLT$erda,\4$aPA 4014 .M79 G32 1982,,"1\$aGrensemann, Hermann.","10$aHippokratische Gyn&auml;kologie: Die gyn&auml;kologischen Texte des Autors C nach den pseudohippokratischen Schriften De mulieribus I, II und De Sterilibus.",,,"\\$aHippokratische Gyn&auml;kologie: Die gyn&auml;kologischen Texte des Autors C nach den pseudohippokratischen Schriften De mulieribus I, II und De Sterilibus by Hermann Grensemann (1982)",,\\$aphotocopy,,\\$aYour library,00619     2200145 i 4500
69273910,MePoLT,20250518141149.0,,\\$aMePoLT$cMePoLT$erda,\4$aPA 4250 .M66 R45 1905,\4$a808.59,1\$aCaius Musonius Rufus.,10$aReliquiae.,"\1$aLeipzig$b Teubner, 1905.",\\$a148  p.,\\$aReliquiae by Caius Musonius Rufus (1905),,,,\\$aYour library,00408     2200169 i 4500
69273939,MePoLT,20250518141149.0,,\\$aMePoLT$cMePoLT$erda,\4$aPA 4014 .M87 G27 1968,,"1\$aGrensemann, Hermann.","10$aHippokratische Schrift ""&Uuml;ber die heilige Krankheit"".",,,"\\$aHippokratische Schrift ""&Uuml;ber die heilige Krankheit"" by Hermann Grensemann (1968)",,\\$aphotocopy,,\\$aYour library,00429     2200145 i 4500
69273973,MePoLT,20250518141149.0,\\$a0521410711,\\$aMePoLT$cMePoLT$erda,\4$aPA 3973 .P6 1994,\4$a882.01,1\$aEuripides.,10$aPhoenissae.,,\\$aviii; 673  p.,\\$aPhoenissae by Euripides (1994),,,,\\$aYour library,00375     2200169 i 4500
69273997,MePoLT,20250518141149.0,,\\$aMePoLT$cMePoLT$erda,\4$aDG 210 .C33,\4$a937,"1\$aCary, M.",10$aA history of Rome down to the reign of Constantine.,"\1$aLondon $b Macmillan, 1954.",\\$a820  p.,\\$aA history of Rome down to the reign of Constantine by M. Cary (1954),,,,\\$aYour library,00453     2200169 i 4500
